{
  "ore:listAllveggie": {
    "fluid": "water",
    "amount": 250,
    "color": "minecraft:leaves:0"
  },
  "ore:listAllfruit": {
    "fluid": "water",
    "amount": 250,
    "color": "minecraft:leaves:0"
  },
  "ore:treeLeaves": {
    "fluid": "water",
    "amount": 250
  },
  "ore:tfcLeaves": {
    "fluid": "water",
    "amount": 250
  },
  "ore:treeSapling": {
    "fluid": "water",
    "amount": 250,
    "color": "minecraft:leaves:0"
  },
  "ore:treeSaplingAcacia": {
    "fluid": "water",
    "amount": 250,
    "color": "minecraft:leaves:0"
  },
  "ore:treeSaplingAsh": {
    "fluid": "water",
    "amount": 250,
    "color": "minecraft:leaves:0"
  },
  "ore:treeSaplingAspen": {
    "fluid": "water",
    "amount": 250,
    "color": "minecraft:leaves:0"
  },
  "ore:treeSaplingBirch": {
    "fluid": "water",
    "amount": 250,
    "color": "minecraft:leaves:0"
  },
  "ore:treeSaplingBlackwood": {
    "fluid": "water",
    "amount": 250,
    "color": "minecraft:leaves:0"
  },
  "ore:treeSaplingChestnut": {
    "fluid": "water",
    "amount": 250,
    "color": "minecraft:leaves:0"
  },
  "ore:treeSaplingDouglasFir": {
    "fluid": "water",
    "amount": 250,
    "color": "minecraft:leaves:0"
  },
  "ore:treeSaplingHickory": {
    "fluid": "water",
    "amount": 250,
    "color": "minecraft:leaves:0"
  },
  "ore:treeSaplingMaple": {
    "fluid": "water",
    "amount": 250,
    "color": "minecraft:leaves:0"
  },
  "ore:treeSaplingOak": {
    "fluid": "water",
    "amount": 250,
    "color": "minecraft:leaves:0"
  },
  "ore:treeSaplingPalm": {
    "fluid": "water",
    "amount": 250,
    "color": "minecraft:leaves:0"
  },
  "ore:treeSaplingPine": {
    "fluid": "water",
    "amount": 250,
    "color": "minecraft:leaves:0"
  },
  "ore:treeSaplingRosewood": {
    "fluid": "water",
    "amount": 250,
    "color": "minecraft:leaves:0"
  },
  "ore:Sequoia": {
    "fluid": "water",
    "amount": 250,
    "color": "minecraft:leaves:0"
  },
  "ore:treeSaplingSpruce": {
    "fluid": "water",
    "amount": 250,
    "color": "minecraft:leaves:0"
  },
  "ore:treeSaplingSycamore": {
    "fluid": "water",
    "amount": 250,
    "color": "minecraft:leaves:0"
  },
  "ore:treeSaplingWhiteCedar": {
    "fluid": "water",
    "amount": 250,
    "color": "minecraft:leaves:0"
  },
  "ore:treeSaplingWillow": {
    "fluid": "water",
    "amount": 250,
    "color": "minecraft:leaves:0"
  },
  "ore:treeSaplingKapok": {
    "fluid": "water",
    "amount": 250,
    "color": "minecraft:leaves:0"
  }
}