{
    "images":
    {
        "title":
        {
            "image" : "pack:gui/bg/Alpha.png",
            "posX" : -137,
            "posY" : 30,
            "width" : 512,
            "height" : 512,
            "alignment" : "top_center"
        }
    },
    
    "buttons":
    {
        "singleplayer":
        {
            "text" : "menu.singleplayer",
            "texture" : "pack:gui/button/lbutton.png",
            "posX" : -100,
            "posY" : -69,
            "width" : 200,
            "height" : 20,
            "alignment" : "center",
            "action" : 
            {
                "type" : "openGui",
                "gui" : "singleplayer"
            }
        },
        
        "multiplayer":
        {
            "text" : "menu.multiplayer",
            "texture" : "pack:gui/button/lbutton.png",            
            "posX" : -100,
            "posY" : -46,
            "width" : 200,
            "height" : 20,
            "alignment" : "center",            
            "action" : 
            {
                "type" : "openGui",
                "gui" : "multiplayer"
            }
        },
        
        "mods":
        {
            "text" : "fml.menu.mods",
            "texture" : "pack:gui/button/lbutton.png",            
            "posX" : -100,
            "posY" : -23,
            "width" : 200,
            "height" : 20,
            "alignment" : "center",            
            "action" : 
            {
                "type" : "openGui",
                "gui" : "mods"
            }
        },
            
        "options":
        {
            "text" : "menu.options",
            "texture" : "pack:gui/button/sbutton.png",            
            "posX" : -100,
            "posY" : 23,
            "width" : 98,
            "height" : 20,
            "alignment" : "center",            
            "action" : 
            {
                "type" : "openGui",
                "gui" : "options"
            }
        },
        
        "quit":
        {
            "text" : "menu.quit",
            "texture" : "pack:gui/button/sbutton.png",            
            "posX" : 2,
            "posY" : 23,
            "width" : 98,
            "height" : 20,
            "alignment" : "center",            
            "action" : 
            {
                "type" : "quit"
            }
        },
		
		"Discord":
        {
            "text" : "Discord",
            "texture" : "pack:gui/button/lbutton.png",            
            "posX" : -100,
            "posY" : 0,
            "width" : 200,
            "height" : 20,
            "alignment" : "center",            
            "action" : 
            {
                "type" : "openLink",
                "link" : "https://discord.gg/56VKJ4a"
            }
        }
    },
    
    "other":
    {
        "background":
        {
            "image" : "pack:gui/bg/bg.png",
            "mode" : "stretch"
            }
        }
    },