{
	"populate": {	
		"mossy_andesite": {
			"distribution": "surface",
			"generator": {
				"type": "boulder",
                "block": [
					{
						"name": "contenttweaker:mossy_cobblestone_andesite",
						"weight": 85
					},
					{
						"name": "tfc:cobble/andesite",
						"weight": 15
					}
                ],
				"material": [
					"tfc:grass/andesite",
					"tfc:dry_grass/andesite",
					"tfc:dirt/andesite",
					"tfc:gravel/andesite"
                ],
				"diameter": 1,
				"size-variance": 1,
				"count": 1,
				"count-variance": 3
			},
			"chunk-chance": 5,
			"cluster-count": 10,
			"min-height": 50,
			"max-height": 170,
			"material": [
				"minecraft:air",
				"tfc:grass/andesite",
				"tfc:dry_grass/andesite",
				"tfc:dirt/andesite",
				"tfc:gravel/andesite"
			],
			"follow-terrain": true,
			"retrogen": false,
			"biome": {
				"restriction": "whitelist",
				"value": [
					{
						"type": "dictionary",
						"entry": "FROZEN"
					}, 
					{
						"type": "dictionary",
						"entry": "SNOWY"
					},
					{
						"type": "dictionary",
						"entry": "SANDY"
					},
					{
						"type": "dictionary",
						"entry": "FOREST"
					}, 
					{
						"type": "dictionary",
						"entry": "MOUNTAIN"
					}, 
					{
						"type": "dictionary",
						"entry": "CONIFEROUS"
					}, 
					{
						"type": "dictionary",
						"entry": "PLAINS"
					}, 
					{
						"type": "dictionary",
						"entry": "SWAMP"
					}, 
					{
						"type": "dictionary",
						"entry": "LUSH"
					}, 
					{
						"type": "dictionary",
						"entry": "HILLS"
					}
				]
			},
			"dimension": {
				"restriction": "blacklist",
				"value": [
					-1,
					1
				]
			}
		},
		
		"mossy_basalt": {
			"distribution": "surface",
			"generator": {
				"type": "boulder",
                "block": [
					{
						"name": "contenttweaker:mossy_cobblestone_basalt",
						"weight": 85
					},
					{
						"name": "tfc:cobble/basalt",
						"weight": 15
					}
                ],
				"material": [
					"tfc:grass/basalt",
					"tfc:dry_grass/basalt",
					"tfc:dirt/basalt",
					"tfc:gravel/basalt"
                ],
				"diameter": 1,
				"size-variance": 1,
				"count": 1,
				"count-variance": 3
			},
			"chunk-chance": 6,
			"cluster-count": 10,
			"min-height": 50,
			"max-height": 170,
			"material": [
				"minecraft:air",
				"tfc:grass/basalt",
				"tfc:dry_grass/basalt",
				"tfc:dirt/basalt",
				"tfc:gravel/basalt"
			],
			"follow-terrain": true,
			"retrogen": false,
			"biome": {
				"restriction": "whitelist",
				"value": [
					{
						"type": "dictionary",
						"entry": "FROZEN"
					}, 
					{
						"type": "dictionary",
						"entry": "SNOWY"
					},
					{
						"type": "dictionary",
						"entry": "SANDY"
					},
					{
						"type": "dictionary",
						"entry": "FOREST"
					}, 
					{
						"type": "dictionary",
						"entry": "MOUNTAIN"
					}, 
					{
						"type": "dictionary",
						"entry": "CONIFEROUS"
					}, 
					{
						"type": "dictionary",
						"entry": "PLAINS"
					}, 
					{
						"type": "dictionary",
						"entry": "SWAMP"
					}, 
					{
						"type": "dictionary",
						"entry": "LUSH"
					}, 
					{
						"type": "dictionary",
						"entry": "HILLS"
					}
				]
			},
			"dimension": {
				"restriction": "blacklist",
				"value": [
					-1,
					1
				]
			}
		},
		
		"mossy_chalk": {
			"distribution": "surface",
			"generator": {
				"type": "boulder",
                "block": [
					{
						"name": "contenttweaker:mossy_cobblestone_chalk",
						"weight": 85
					},
					{
						"name": "tfc:cobble/chalk",
						"weight": 15
					}
                ],
				"material": [
					"tfc:grass/chalk",
					"tfc:dry_grass/chalk",
					"tfc:dirt/chalk",
					"tfc:gravel/chalk"
                ],
				"diameter": 1,
				"size-variance": 1,
				"count": 1,
				"count-variance": 3
			},
			"chunk-chance": 6,
			"cluster-count": 10,
			"min-height": 50,
			"max-height": 170,
			"material": [
				"minecraft:air",
				"tfc:grass/chalk",
				"tfc:dry_grass/chalk",
				"tfc:dirt/chalk",
				"tfc:gravel/chalk"
			],
			"follow-terrain": true,
			"retrogen": false,
			"biome": {
				"restriction": "whitelist",
				"value": [
					{
						"type": "dictionary",
						"entry": "FROZEN"
					}, 
					{
						"type": "dictionary",
						"entry": "SNOWY"
					},
					{
						"type": "dictionary",
						"entry": "SANDY"
					},
					{
						"type": "dictionary",
						"entry": "FOREST"
					}, 
					{
						"type": "dictionary",
						"entry": "MOUNTAIN"
					}, 
					{
						"type": "dictionary",
						"entry": "CONIFEROUS"
					}, 
					{
						"type": "dictionary",
						"entry": "PLAINS"
					}, 
					{
						"type": "dictionary",
						"entry": "SWAMP"
					}, 
					{
						"type": "dictionary",
						"entry": "LUSH"
					}, 
					{
						"type": "dictionary",
						"entry": "HILLS"
					}
				]
			},
			"dimension": {
				"restriction": "blacklist",
				"value": [
					-1,
					1
				]
			}
		},
		
		"mossy_chert": {
			"distribution": "surface",
			"generator": {
				"type": "boulder",
                "block": [
					{
						"name": "contenttweaker:mossy_cobblestone_chert",
						"weight": 85
					},
					{
						"name": "tfc:cobble/chert",
						"weight": 15
					}
                ],
				"material": [
					"tfc:grass/chert",
					"tfc:dry_grass/chert",
					"tfc:dirt/chert",
					"tfc:gravel/chert"
                ],
				"diameter": 1,
				"size-variance": 1,
				"count": 1,
				"count-variance": 3
			},
			"chunk-chance": 6,
			"cluster-count": 10,
			"min-height": 50,
			"max-height": 170,
			"material": [
				"minecraft:air",
				"tfc:grass/chert",
				"tfc:dry_grass/chert",
				"tfc:dirt/chert",
				"tfc:gravel/chert"
			],
			"follow-terrain": true,
			"retrogen": false,
			"biome": {
				"restriction": "whitelist",
				"value": [
					{
						"type": "dictionary",
						"entry": "FROZEN"
					}, 
					{
						"type": "dictionary",
						"entry": "SNOWY"
					},
					{
						"type": "dictionary",
						"entry": "SANDY"
					},
					{
						"type": "dictionary",
						"entry": "FOREST"
					}, 
					{
						"type": "dictionary",
						"entry": "MOUNTAIN"
					}, 
					{
						"type": "dictionary",
						"entry": "CONIFEROUS"
					}, 
					{
						"type": "dictionary",
						"entry": "PLAINS"
					}, 
					{
						"type": "dictionary",
						"entry": "SWAMP"
					}, 
					{
						"type": "dictionary",
						"entry": "LUSH"
					}, 
					{
						"type": "dictionary",
						"entry": "HILLS"
					}
				]
			},
			"dimension": {
				"restriction": "blacklist",
				"value": [
					-1,
					1
				]
			}
		},
		
		"mossy_claystone": {
			"distribution": "surface",
			"generator": {
				"type": "boulder",
                "block": [
					{
						"name": "contenttweaker:mossy_cobblestone_claystone",
						"weight": 85
					},
					{
						"name": "tfc:cobble/claystone",
						"weight": 15
					}
                ],
				"material": [
					"tfc:grass/claystone",
					"tfc:dry_grass/claystone",
					"tfc:dirt/claystone",
					"tfc:gravel/claystone"
                ],
				"diameter": 1,
				"size-variance": 1,
				"count": 1,
				"count-variance": 3
			},
			"chunk-chance": 6,
			"cluster-count": 10,
			"min-height": 50,
			"max-height": 170,
			"material": [
				"minecraft:air",
				"tfc:grass/claystone",
				"tfc:dry_grass/claystone",
				"tfc:dirt/claystone",
				"tfc:gravel/claystone"
			],
			"follow-terrain": true,
			"retrogen": false,
			"biome": {
				"restriction": "whitelist",
				"value": [
					{
						"type": "dictionary",
						"entry": "FROZEN"
					}, 
					{
						"type": "dictionary",
						"entry": "SNOWY"
					},
					{
						"type": "dictionary",
						"entry": "SANDY"
					},
					{
						"type": "dictionary",
						"entry": "FOREST"
					}, 
					{
						"type": "dictionary",
						"entry": "MOUNTAIN"
					}, 
					{
						"type": "dictionary",
						"entry": "CONIFEROUS"
					}, 
					{
						"type": "dictionary",
						"entry": "PLAINS"
					}, 
					{
						"type": "dictionary",
						"entry": "SWAMP"
					}, 
					{
						"type": "dictionary",
						"entry": "LUSH"
					}, 
					{
						"type": "dictionary",
						"entry": "HILLS"
					}
				]
			},
			"dimension": {
				"restriction": "blacklist",
				"value": [
					-1,
					1
				]
			}
		},
		
		"mossy_conglomerate": {
			"distribution": "surface",
			"generator": {
				"type": "boulder",
                "block": [
					{
						"name": "contenttweaker:mossy_cobblestone_conglomerate",
						"weight": 85
					},
					{
						"name": "tfc:cobble/conglomerate",
						"weight": 15
					}
                ],
				"material": [
					"tfc:grass/conglomerate",
					"tfc:dry_grass/conglomerate",
					"tfc:dirt/conglomerate",
					"tfc:gravel/conglomerate"
                ],
				"diameter": 1,
				"size-variance": 1,
				"count": 1,
				"count-variance": 3
			},
			"chunk-chance": 6,
			"cluster-count": 10,
			"min-height": 50,
			"max-height": 170,
			"material": [
				"minecraft:air",
				"tfc:grass/conglomerate",
				"tfc:dry_grass/conglomerate",
				"tfc:dirt/conglomerate",
				"tfc:gravel/conglomerate"
			],
			"follow-terrain": true,
			"retrogen": false,
			"biome": {
				"restriction": "whitelist",
				"value": [
					{
						"type": "dictionary",
						"entry": "FROZEN"
					}, 
					{
						"type": "dictionary",
						"entry": "SNOWY"
					},
					{
						"type": "dictionary",
						"entry": "SANDY"
					},
					{
						"type": "dictionary",
						"entry": "FOREST"
					}, 
					{
						"type": "dictionary",
						"entry": "MOUNTAIN"
					}, 
					{
						"type": "dictionary",
						"entry": "CONIFEROUS"
					}, 
					{
						"type": "dictionary",
						"entry": "PLAINS"
					}, 
					{
						"type": "dictionary",
						"entry": "SWAMP"
					}, 
					{
						"type": "dictionary",
						"entry": "LUSH"
					}, 
					{
						"type": "dictionary",
						"entry": "HILLS"
					}
				]
			},
			"dimension": {
				"restriction": "blacklist",
				"value": [
					-1,
					1
				]
			}
		},
		
		"mossy_dacite": {
			"distribution": "surface",
			"generator": {
				"type": "boulder",
                "block": [
					{
						"name": "contenttweaker:mossy_cobblestone_dacite",
						"weight": 85
					},
					{
						"name": "tfc:cobble/dacite",
						"weight": 15
					}
                ],
				"material": [
					"tfc:grass/dacite",
					"tfc:dry_grass/dacite",
					"tfc:dirt/dacite",
					"tfc:gravel/dacite"
                ],
				"diameter": 1,
				"size-variance": 1,
				"count": 1,
				"count-variance": 3
			},
			"chunk-chance": 6,
			"cluster-count": 10,
			"min-height": 50,
			"max-height": 170,
			"material": [
				"minecraft:air",
				"tfc:grass/dacite",
				"tfc:dry_grass/dacite",
				"tfc:dirt/dacite",
				"tfc:gravel/dacite"
			],
			"follow-terrain": true,
			"retrogen": false,
			"biome": {
				"restriction": "whitelist",
				"value": [
					{
						"type": "dictionary",
						"entry": "FROZEN"
					}, 
					{
						"type": "dictionary",
						"entry": "SNOWY"
					},
					{
						"type": "dictionary",
						"entry": "SANDY"
					},
					{
						"type": "dictionary",
						"entry": "FOREST"
					}, 
					{
						"type": "dictionary",
						"entry": "MOUNTAIN"
					}, 
					{
						"type": "dictionary",
						"entry": "CONIFEROUS"
					}, 
					{
						"type": "dictionary",
						"entry": "PLAINS"
					}, 
					{
						"type": "dictionary",
						"entry": "SWAMP"
					}, 
					{
						"type": "dictionary",
						"entry": "LUSH"
					}, 
					{
						"type": "dictionary",
						"entry": "HILLS"
					}
				]
			},
			"dimension": {
				"restriction": "blacklist",
				"value": [
					-1,
					1
				]
			}
		},
		
		"mossy_diorite": {
			"distribution": "surface",
			"generator": {
				"type": "boulder",
                "block": [
					{
						"name": "contenttweaker:mossy_cobblestone_diorite",
						"weight": 85
					},
					{
						"name": "tfc:cobble/diorite",
						"weight": 15
					}
                ],
				"material": [
					"tfc:grass/diorite",
					"tfc:dry_grass/diorite",
					"tfc:dirt/diorite",
					"tfc:gravel/diorite"
                ],
				"diameter": 1,
				"size-variance": 1,
				"count": 1,
				"count-variance": 3
			},
			"chunk-chance": 6,
			"cluster-count": 10,
			"min-height": 50,
			"max-height": 170,
			"material": [
				"minecraft:air",
				"tfc:grass/diorite",
				"tfc:dry_grass/diorite",
				"tfc:dirt/diorite",
				"tfc:gravel/diorite"
			],
			"follow-terrain": true,
			"retrogen": false,
			"biome": {
				"restriction": "whitelist",
				"value": [
					{
						"type": "dictionary",
						"entry": "FROZEN"
					}, 
					{
						"type": "dictionary",
						"entry": "SNOWY"
					},
					{
						"type": "dictionary",
						"entry": "SANDY"
					},
					{
						"type": "dictionary",
						"entry": "FOREST"
					}, 
					{
						"type": "dictionary",
						"entry": "MOUNTAIN"
					}, 
					{
						"type": "dictionary",
						"entry": "CONIFEROUS"
					}, 
					{
						"type": "dictionary",
						"entry": "PLAINS"
					}, 
					{
						"type": "dictionary",
						"entry": "SWAMP"
					}, 
					{
						"type": "dictionary",
						"entry": "LUSH"
					}, 
					{
						"type": "dictionary",
						"entry": "HILLS"
					}
				]
			},
			"dimension": {
				"restriction": "blacklist",
				"value": [
					-1,
					1
				]
			}
		},
		
		"mossy_dolomite": {
			"distribution": "surface",
			"generator": {
				"type": "boulder",
                "block": [
					{
						"name": "contenttweaker:mossy_cobblestone_dolomite",
						"weight": 85
					},
					{
						"name": "tfc:cobble/dolomite",
						"weight": 15
					}
                ],
				"material": [
					"tfc:grass/dolomite",
					"tfc:dry_grass/dolomite",
					"tfc:dirt/dolomite",
					"tfc:gravel/dolomite"
                ],
				"diameter": 1,
				"size-variance": 1,
				"count": 1,
				"count-variance": 3
			},
			"chunk-chance": 6,
			"cluster-count": 10,
			"min-height": 50,
			"max-height": 170,
			"material": [
				"minecraft:air",
				"tfc:grass/dolomite",
				"tfc:dry_grass/dolomite",
				"tfc:dirt/dolomite",
				"tfc:gravel/dolomite"
			],
			"follow-terrain": true,
			"retrogen": false,
			"biome": {
				"restriction": "whitelist",
				"value": [
					{
						"type": "dictionary",
						"entry": "FROZEN"
					}, 
					{
						"type": "dictionary",
						"entry": "SNOWY"
					},
					{
						"type": "dictionary",
						"entry": "SANDY"
					},
					{
						"type": "dictionary",
						"entry": "FOREST"
					}, 
					{
						"type": "dictionary",
						"entry": "MOUNTAIN"
					}, 
					{
						"type": "dictionary",
						"entry": "CONIFEROUS"
					}, 
					{
						"type": "dictionary",
						"entry": "PLAINS"
					}, 
					{
						"type": "dictionary",
						"entry": "SWAMP"
					}, 
					{
						"type": "dictionary",
						"entry": "LUSH"
					}, 
					{
						"type": "dictionary",
						"entry": "HILLS"
					}
				]
			},
			"dimension": {
				"restriction": "blacklist",
				"value": [
					-1,
					1
				]
			}
		},
		
		"mossy_gabbro": {
			"distribution": "surface",
			"generator": {
				"type": "boulder",
                "block": [
					{
						"name": "contenttweaker:mossy_cobblestone_gabbro",
						"weight": 85
					},
					{
						"name": "tfc:cobble/gabbro",
						"weight": 15
					}
                ],
				"material": [
					"tfc:grass/gabbro",
					"tfc:dry_grass/gabbro",
					"tfc:dirt/gabbro",
					"tfc:gravel/gabbro"
                ],
				"diameter": 1,
				"size-variance": 1,
				"count": 1,
				"count-variance": 3
			},
			"chunk-chance": 6,
			"cluster-count": 10,
			"min-height": 50,
			"max-height": 170,
			"material": [
				"minecraft:air",
				"tfc:grass/gabbro",
				"tfc:dry_grass/gabbro",
				"tfc:dirt/gabbro",
				"tfc:gravel/gabbro"
			],
			"follow-terrain": true,
			"retrogen": false,
			"biome": {
				"restriction": "whitelist",
				"value": [
					{
						"type": "dictionary",
						"entry": "FROZEN"
					}, 
					{
						"type": "dictionary",
						"entry": "SNOWY"
					},
					{
						"type": "dictionary",
						"entry": "SANDY"
					},
					{
						"type": "dictionary",
						"entry": "FOREST"
					}, 
					{
						"type": "dictionary",
						"entry": "MOUNTAIN"
					}, 
					{
						"type": "dictionary",
						"entry": "CONIFEROUS"
					}, 
					{
						"type": "dictionary",
						"entry": "PLAINS"
					}, 
					{
						"type": "dictionary",
						"entry": "SWAMP"
					}, 
					{
						"type": "dictionary",
						"entry": "LUSH"
					}, 
					{
						"type": "dictionary",
						"entry": "HILLS"
					}
				]
			},
			"dimension": {
				"restriction": "blacklist",
				"value": [
					-1,
					1
				]
			}
		},
		
		"mossy_gneiss": {
			"distribution": "surface",
			"generator": {
				"type": "boulder",
                "block": [
					{
						"name": "contenttweaker:mossy_cobblestone_gneiss",
						"weight": 85
					},
					{
						"name": "tfc:cobble/gneiss",
						"weight": 15
					}
                ],
				"material": [
					"tfc:grass/gneiss",
					"tfc:dry_grass/gneiss",
					"tfc:dirt/gneiss",
					"tfc:gravel/gneiss"
                ],
				"diameter": 1,
				"size-variance": 1,
				"count": 1,
				"count-variance": 3
			},
			"chunk-chance": 6,
			"cluster-count": 10,
			"min-height": 50,
			"max-height": 170,
			"material": [
				"minecraft:air",
				"tfc:grass/gneiss",
				"tfc:dry_grass/gneiss",
				"tfc:dirt/gneiss",
				"tfc:gravel/gneiss"
			],
			"follow-terrain": true,
			"retrogen": false,
			"biome": {
				"restriction": "whitelist",
				"value": [
					{
						"type": "dictionary",
						"entry": "FROZEN"
					}, 
					{
						"type": "dictionary",
						"entry": "SNOWY"
					},
					{
						"type": "dictionary",
						"entry": "SANDY"
					},
					{
						"type": "dictionary",
						"entry": "FOREST"
					}, 
					{
						"type": "dictionary",
						"entry": "MOUNTAIN"
					}, 
					{
						"type": "dictionary",
						"entry": "CONIFEROUS"
					}, 
					{
						"type": "dictionary",
						"entry": "PLAINS"
					}, 
					{
						"type": "dictionary",
						"entry": "SWAMP"
					}, 
					{
						"type": "dictionary",
						"entry": "LUSH"
					}, 
					{
						"type": "dictionary",
						"entry": "HILLS"
					}
				]
			},
			"dimension": {
				"restriction": "blacklist",
				"value": [
					-1,
					1
				]
			}
		},
		
		"mossy_granite": {
			"distribution": "surface",
			"generator": {
				"type": "boulder",
                "block": [
					{
						"name": "contenttweaker:mossy_cobblestone_granite",
						"weight": 85
					},
					{
						"name": "tfc:cobble/granite",
						"weight": 15
					}
                ],
				"material": [
					"tfc:grass/granite",
					"tfc:dry_grass/granite",
					"tfc:dirt/granite",
					"tfc:gravel/granite"
                ],
				"diameter": 1,
				"size-variance": 1,
				"count": 1,
				"count-variance": 3
			},
			"chunk-chance": 6,
			"cluster-count": 10,
			"min-height": 50,
			"max-height": 170,
			"material": [
				"minecraft:air",
				"tfc:grass/granite",
				"tfc:dry_grass/granite",
				"tfc:dirt/granite",
				"tfc:gravel/granite"
			],
			"follow-terrain": true,
			"retrogen": false,
			"biome": {
				"restriction": "whitelist",
				"value": [
					{
						"type": "dictionary",
						"entry": "FROZEN"
					}, 
					{
						"type": "dictionary",
						"entry": "SNOWY"
					},
					{
						"type": "dictionary",
						"entry": "SANDY"
					},
					{
						"type": "dictionary",
						"entry": "FOREST"
					}, 
					{
						"type": "dictionary",
						"entry": "MOUNTAIN"
					}, 
					{
						"type": "dictionary",
						"entry": "CONIFEROUS"
					}, 
					{
						"type": "dictionary",
						"entry": "PLAINS"
					}, 
					{
						"type": "dictionary",
						"entry": "SWAMP"
					}, 
					{
						"type": "dictionary",
						"entry": "LUSH"
					}, 
					{
						"type": "dictionary",
						"entry": "HILLS"
					}
				]
			},
			"dimension": {
				"restriction": "blacklist",
				"value": [
					-1,
					1
				]
			}
		},
		
		"mossy_limestone": {
			"distribution": "surface",
			"generator": {
				"type": "boulder",
                "block": [
					{
						"name": "contenttweaker:mossy_cobblestone_limestone",
						"weight": 85
					},
					{
						"name": "tfc:cobble/limestone",
						"weight": 15
					}
                ],
				"material": [
					"tfc:grass/limestone",
					"tfc:dry_grass/limestone",
					"tfc:dirt/limestone",
					"tfc:gravel/limestone"
                ],
				"diameter": 1,
				"size-variance": 1,
				"count": 1,
				"count-variance": 3
			},
			"chunk-chance": 6,
			"cluster-count": 10,
			"min-height": 50,
			"max-height": 170,
			"material": [
				"minecraft:air",
				"tfc:grass/limestone",
				"tfc:dry_grass/limestone",
				"tfc:dirt/limestone",
				"tfc:gravel/limestone"
			],
			"follow-terrain": true,
			"retrogen": false,
			"biome": {
				"restriction": "whitelist",
				"value": [
					{
						"type": "dictionary",
						"entry": "FROZEN"
					}, 
					{
						"type": "dictionary",
						"entry": "SNOWY"
					},
					{
						"type": "dictionary",
						"entry": "SANDY"
					},
					{
						"type": "dictionary",
						"entry": "FOREST"
					}, 
					{
						"type": "dictionary",
						"entry": "MOUNTAIN"
					}, 
					{
						"type": "dictionary",
						"entry": "CONIFEROUS"
					}, 
					{
						"type": "dictionary",
						"entry": "PLAINS"
					}, 
					{
						"type": "dictionary",
						"entry": "SWAMP"
					}, 
					{
						"type": "dictionary",
						"entry": "LUSH"
					}, 
					{
						"type": "dictionary",
						"entry": "HILLS"
					}
				]
			},
			"dimension": {
				"restriction": "blacklist",
				"value": [
					-1,
					1
				]
			}
		},
		
		"mossy_marble": {
			"distribution": "surface",
			"generator": {
				"type": "boulder",
                "block": [
					{
						"name": "contenttweaker:mossy_cobblestone_marble",
						"weight": 85
					},
					{
						"name": "tfc:cobble/marble",
						"weight": 15
					}
                ],
				"material": [
					"tfc:grass/marble",
					"tfc:dry_grass/marble",
					"tfc:dirt/marble",
					"tfc:gravel/marble"
                ],
				"diameter": 1,
				"size-variance": 1,
				"count": 1,
				"count-variance": 3
			},
			"chunk-chance": 6,
			"cluster-count": 10,
			"min-height": 50,
			"max-height": 170,
			"material": [
				"minecraft:air",
				"tfc:grass/marble",
				"tfc:dry_grass/marble",
				"tfc:dirt/marble",
				"tfc:gravel/marble"
			],
			"follow-terrain": true,
			"retrogen": false,
			"biome": {
				"restriction": "whitelist",
				"value": [
					{
						"type": "dictionary",
						"entry": "FROZEN"
					}, 
					{
						"type": "dictionary",
						"entry": "SNOWY"
					},
					{
						"type": "dictionary",
						"entry": "SANDY"
					},
					{
						"type": "dictionary",
						"entry": "FOREST"
					}, 
					{
						"type": "dictionary",
						"entry": "MOUNTAIN"
					}, 
					{
						"type": "dictionary",
						"entry": "CONIFEROUS"
					}, 
					{
						"type": "dictionary",
						"entry": "PLAINS"
					}, 
					{
						"type": "dictionary",
						"entry": "SWAMP"
					}, 
					{
						"type": "dictionary",
						"entry": "LUSH"
					}, 
					{
						"type": "dictionary",
						"entry": "HILLS"
					}
				]
			},
			"dimension": {
				"restriction": "blacklist",
				"value": [
					-1,
					1
				]
			}
		},
		
		"mossy_phyllite": {
			"distribution": "surface",
			"generator": {
				"type": "boulder",
                "block": [
					{
						"name": "contenttweaker:mossy_cobblestone_phyllite",
						"weight": 85
					},
					{
						"name": "tfc:cobble/phyllite",
						"weight": 15
					}
                ],
				"material": [
					"tfc:grass/phyllite",
					"tfc:dry_grass/phyllite",
					"tfc:dirt/phyllite",
					"tfc:gravel/phyllite"
                ],
				"diameter": 1,
				"size-variance": 1,
				"count": 1,
				"count-variance": 3
			},
			"chunk-chance": 6,
			"cluster-count": 10,
			"min-height": 50,
			"max-height": 170,
			"material": [
				"minecraft:air",
				"tfc:grass/phyllite",
				"tfc:dry_grass/phyllite",
				"tfc:dirt/phyllite",
				"tfc:gravel/phyllite"
			],
			"follow-terrain": true,
			"retrogen": false,
			"biome": {
				"restriction": "whitelist",
				"value": [
					{
						"type": "dictionary",
						"entry": "FROZEN"
					}, 
					{
						"type": "dictionary",
						"entry": "SNOWY"
					},
					{
						"type": "dictionary",
						"entry": "SANDY"
					},
					{
						"type": "dictionary",
						"entry": "FOREST"
					}, 
					{
						"type": "dictionary",
						"entry": "MOUNTAIN"
					}, 
					{
						"type": "dictionary",
						"entry": "CONIFEROUS"
					}, 
					{
						"type": "dictionary",
						"entry": "PLAINS"
					}, 
					{
						"type": "dictionary",
						"entry": "SWAMP"
					}, 
					{
						"type": "dictionary",
						"entry": "LUSH"
					}, 
					{
						"type": "dictionary",
						"entry": "HILLS"
					}
				]
			},
			"dimension": {
				"restriction": "blacklist",
				"value": [
					-1,
					1
				]
			}
		},
		
		"mossy_quartzite": {
			"distribution": "surface",
			"generator": {
				"type": "boulder",
                "block": [
					{
						"name": "contenttweaker:mossy_cobblestone_quartzite",
						"weight": 85
					},
					{
						"name": "tfc:cobble/quartzite",
						"weight": 15
					}
                ],
				"material": [
					"tfc:grass/quartzite",
					"tfc:dry_grass/quartzite",
					"tfc:dirt/quartzite",
					"tfc:gravel/quartzite"
                ],
				"diameter": 1,
				"size-variance": 1,
				"count": 1,
				"count-variance": 3
			},
			"chunk-chance": 6,
			"cluster-count": 10,
			"min-height": 50,
			"max-height": 170,
			"material": [
				"minecraft:air",
				"tfc:grass/quartzite",
				"tfc:dry_grass/quartzite",
				"tfc:dirt/quartzite",
				"tfc:gravel/quartzite"
			],
			"follow-terrain": true,
			"retrogen": false,
			"biome": {
				"restriction": "whitelist",
				"value": [
					{
						"type": "dictionary",
						"entry": "FROZEN"
					}, 
					{
						"type": "dictionary",
						"entry": "SNOWY"
					},
					{
						"type": "dictionary",
						"entry": "SANDY"
					},
					{
						"type": "dictionary",
						"entry": "FOREST"
					}, 
					{
						"type": "dictionary",
						"entry": "MOUNTAIN"
					}, 
					{
						"type": "dictionary",
						"entry": "CONIFEROUS"
					}, 
					{
						"type": "dictionary",
						"entry": "PLAINS"
					}, 
					{
						"type": "dictionary",
						"entry": "SWAMP"
					}, 
					{
						"type": "dictionary",
						"entry": "LUSH"
					}, 
					{
						"type": "dictionary",
						"entry": "HILLS"
					}
				]
			},
			"dimension": {
				"restriction": "blacklist",
				"value": [
					-1,
					1
				]
			}
		},
		
		"mossy_rhyolite": {
			"distribution": "surface",
			"generator": {
				"type": "boulder",
                "block": [
					{
						"name": "contenttweaker:mossy_cobblestone_rhyolite",
						"weight": 85
					},
					{
						"name": "tfc:cobble/rhyolite",
						"weight": 15
					}
                ],
				"material": [
					"tfc:grass/rhyolite",
					"tfc:dry_grass/rhyolite",
					"tfc:dirt/rhyolite",
					"tfc:gravel/rhyolite"
                ],
				"diameter": 1,
				"size-variance": 1,
				"count": 1,
				"count-variance": 3
			},
			"chunk-chance": 6,
			"cluster-count": 10,
			"min-height": 50,
			"max-height": 170,
			"material": [
				"minecraft:air",
				"tfc:grass/rhyolite",
				"tfc:dry_grass/rhyolite",
				"tfc:dirt/rhyolite",
				"tfc:gravel/rhyolite"
			],
			"follow-terrain": true,
			"retrogen": false,
			"biome": {
				"restriction": "whitelist",
				"value": [
					{
						"type": "dictionary",
						"entry": "FROZEN"
					}, 
					{
						"type": "dictionary",
						"entry": "SNOWY"
					},
					{
						"type": "dictionary",
						"entry": "SANDY"
					},
					{
						"type": "dictionary",
						"entry": "FOREST"
					}, 
					{
						"type": "dictionary",
						"entry": "MOUNTAIN"
					}, 
					{
						"type": "dictionary",
						"entry": "CONIFEROUS"
					}, 
					{
						"type": "dictionary",
						"entry": "PLAINS"
					}, 
					{
						"type": "dictionary",
						"entry": "SWAMP"
					}, 
					{
						"type": "dictionary",
						"entry": "LUSH"
					}, 
					{
						"type": "dictionary",
						"entry": "HILLS"
					}
				]
			},
			"dimension": {
				"restriction": "blacklist",
				"value": [
					-1,
					1
				]
			}
		},
		
		"mossy_rocksalt": {
			"distribution": "surface",
			"generator": {
				"type": "boulder",
                "block": [
					{
						"name": "contenttweaker:mossy_cobblestone_rock_salt",
						"weight": 85
					},
					{
						"name": "tfc:cobble/rocksalt",
						"weight": 15
					}
                ],
				"material": [
					"tfc:grass/rocksalt",
					"tfc:dry_grass/rocksalt",
					"tfc:dirt/rocksalt",
					"tfc:gravel/rocksalt"
                ],
				"diameter": 1,
				"size-variance": 1,
				"count": 1,
				"count-variance": 3
			},
			"chunk-chance": 6,
			"cluster-count": 10,
			"min-height": 50,
			"max-height": 170,
			"material": [
				"minecraft:air",
				"tfc:grass/rocksalt",
				"tfc:dry_grass/rocksalt",
				"tfc:dirt/rocksalt",
				"tfc:gravel/rocksalt"
			],
			"follow-terrain": true,
			"retrogen": false,
			"biome": {
				"restriction": "whitelist",
				"value": [
					{
						"type": "dictionary",
						"entry": "FROZEN"
					}, 
					{
						"type": "dictionary",
						"entry": "SNOWY"
					},
					{
						"type": "dictionary",
						"entry": "SANDY"
					},
					{
						"type": "dictionary",
						"entry": "FOREST"
					}, 
					{
						"type": "dictionary",
						"entry": "MOUNTAIN"
					}, 
					{
						"type": "dictionary",
						"entry": "CONIFEROUS"
					}, 
					{
						"type": "dictionary",
						"entry": "PLAINS"
					}, 
					{
						"type": "dictionary",
						"entry": "SWAMP"
					}, 
					{
						"type": "dictionary",
						"entry": "LUSH"
					}, 
					{
						"type": "dictionary",
						"entry": "HILLS"
					}
				]
			},
			"dimension": {
				"restriction": "blacklist",
				"value": [
					-1,
					1
				]
			}
		},
		
		"mossy_schist": {
			"distribution": "surface",
			"generator": {
				"type": "boulder",
                "block": [
					{
						"name": "contenttweaker:mossy_cobblestone_schist",
						"weight": 85
					},
					{
						"name": "tfc:cobble/schist",
						"weight": 15
					}
                ],
				"material": [
					"tfc:grass/schist",
					"tfc:dry_grass/schist",
					"tfc:dirt/schist",
					"tfc:gravel/schist"
                ],
				"diameter": 1,
				"size-variance": 1,
				"count": 1,
				"count-variance": 3
			},
			"chunk-chance": 6,
			"cluster-count": 10,
			"min-height": 50,
			"max-height": 170,
			"material": [
				"minecraft:air",
				"tfc:grass/schist",
				"tfc:dry_grass/schist",
				"tfc:dirt/schist",
				"tfc:gravel/schist"
			],
			"follow-terrain": true,
			"retrogen": false,
			"biome": {
				"restriction": "whitelist",
				"value": [
					{
						"type": "dictionary",
						"entry": "FROZEN"
					}, 
					{
						"type": "dictionary",
						"entry": "SNOWY"
					},
					{
						"type": "dictionary",
						"entry": "SANDY"
					},
					{
						"type": "dictionary",
						"entry": "FOREST"
					}, 
					{
						"type": "dictionary",
						"entry": "MOUNTAIN"
					}, 
					{
						"type": "dictionary",
						"entry": "CONIFEROUS"
					}, 
					{
						"type": "dictionary",
						"entry": "PLAINS"
					}, 
					{
						"type": "dictionary",
						"entry": "SWAMP"
					}, 
					{
						"type": "dictionary",
						"entry": "LUSH"
					}, 
					{
						"type": "dictionary",
						"entry": "HILLS"
					}
				]
			},
			"dimension": {
				"restriction": "blacklist",
				"value": [
					-1,
					1
				]
			}
		},
		
		"mossy_shale": {
			"distribution": "surface",
			"generator": {
				"type": "boulder",
                "block": [
					{
						"name": "contenttweaker:mossy_cobblestone_shale",
						"weight": 85
					},
					{
						"name": "tfc:cobble/shale",
						"weight": 15
					}
                ],
				"material": [
					"tfc:grass/shale",
					"tfc:dry_grass/shale",
					"tfc:dirt/shale",
					"tfc:gravel/shale"
                ],
				"diameter": 1,
				"size-variance": 1,
				"count": 1,
				"count-variance": 3
			},
			"chunk-chance": 6,
			"cluster-count": 10,
			"min-height": 50,
			"max-height": 170,
			"material": [
				"minecraft:air",
				"tfc:grass/shale",
				"tfc:dry_grass/shale",
				"tfc:dirt/shale",
				"tfc:gravel/shale"
			],
			"follow-terrain": true,
			"retrogen": false,
			"biome": {
				"restriction": "whitelist",
				"value": [
					{
						"type": "dictionary",
						"entry": "FROZEN"
					}, 
					{
						"type": "dictionary",
						"entry": "SNOWY"
					},
					{
						"type": "dictionary",
						"entry": "SANDY"
					},
					{
						"type": "dictionary",
						"entry": "FOREST"
					}, 
					{
						"type": "dictionary",
						"entry": "MOUNTAIN"
					}, 
					{
						"type": "dictionary",
						"entry": "CONIFEROUS"
					}, 
					{
						"type": "dictionary",
						"entry": "PLAINS"
					}, 
					{
						"type": "dictionary",
						"entry": "SWAMP"
					}, 
					{
						"type": "dictionary",
						"entry": "LUSH"
					}, 
					{
						"type": "dictionary",
						"entry": "HILLS"
					}
				]
			},
			"dimension": {
				"restriction": "blacklist",
				"value": [
					-1,
					1
				]
			}
		},
		
		"mossy_slate": {
			"distribution": "surface",
			"generator": {
				"type": "boulder",
                "block": [
					{
						"name": "contenttweaker:mossy_cobblestone_slate",
						"weight": 85
					},
					{
						"name": "tfc:cobble/slate",
						"weight": 15
					}
                ],
				"material": [
					"tfc:grass/slate",
					"tfc:dry_grass/slate",
					"tfc:dirt/slate",
					"tfc:gravel/slate"
                ],
				"diameter": 1,
				"size-variance": 1,
				"count": 1,
				"count-variance": 3
			},
			"chunk-chance": 6,
			"cluster-count": 10,
			"min-height": 50,
			"max-height": 170,
			"material": [
				"minecraft:air",
				"tfc:grass/slate",
				"tfc:dry_grass/slate",
				"tfc:dirt/slate",
				"tfc:gravel/slate"
			],
			"follow-terrain": true,
			"retrogen": false,
			"biome": {
				"restriction": "whitelist",
				"value": [
					{
						"type": "dictionary",
						"entry": "FROZEN"
					}, 
					{
						"type": "dictionary",
						"entry": "SNOWY"
					},
					{
						"type": "dictionary",
						"entry": "SANDY"
					},
					{
						"type": "dictionary",
						"entry": "FOREST"
					}, 
					{
						"type": "dictionary",
						"entry": "MOUNTAIN"
					}, 
					{
						"type": "dictionary",
						"entry": "CONIFEROUS"
					}, 
					{
						"type": "dictionary",
						"entry": "PLAINS"
					}, 
					{
						"type": "dictionary",
						"entry": "SWAMP"
					}, 
					{
						"type": "dictionary",
						"entry": "LUSH"
					}, 
					{
						"type": "dictionary",
						"entry": "HILLS"
					}
				]
			},
			"dimension": {
				"restriction": "blacklist",
				"value": [
					-1,
					1
				]
			}
		}
	}
}