{
  "rules": [
    {
      "match": {
        "blocks": {
          "blocks": [
            "tfc:ore/thorianite/andesite:*",
            "tfc:ore/thorianite/basalt:*",
            "tfc:ore/thorianite/chalk:*",
            "tfc:ore/thorianite/chert:*",
            "tfc:ore/thorianite/claystone:*",
            "tfc:ore/thorianite/conglomerate:*",
            "tfc:ore/thorianite/dacite:*",
            "tfc:ore/thorianite/diorite:*",
            "tfc:ore/thorianite/dolomite:*",
            "tfc:ore/thorianite/gabbro:*",
            "tfc:ore/thorianite/gneiss:*",
            "tfc:ore/thorianite/granite:*",
            "tfc:ore/thorianite/limestone:*",
            "tfc:ore/thorianite/marble:*",
            "tfc:ore/thorianite/phyllite:*",
            "tfc:ore/thorianite/quartzite:*",
            "tfc:ore/thorianite/rhyolite:*",
            "tfc:ore/thorianite/rocksalt:*",
            "tfc:ore/thorianite/schist:*",
            "tfc:ore/thorianite/shale:*",
            "tfc:ore/thorianite/slate:*"
          ]
        },
        "drops": {
          "drops": [
            "tfc:ore/thorianite"
          ]
        }
      },
      "replaceStrategy": "REPLACE_ITEMS_IF_SELECTED",
      "drops": [
        {
          "item": {
            "items": [
              "minecraft:quartz"
            ],
            "quantity": {
              "min": 1,
              "max": 3
            }
          }
        }
      ]
    }
  ]
}