[
  {
    "comment": "This file contains custom reforging materials. By default, you can reforge
                a tool with its repair item (like iron ingots for an iron sword), but some
                items don't have a repair item, like bows. This adds items to reforge those.
                It can also add an item for 'any', which will work for any item that can't be
                reforged otherwise. For more info about how to add materials, visit:
                https://bitbucket.org/Tmtravlr/qualitytools/wiki/Home",
    "tool": "any",
    "material": {
        "item": "minecraft:nether_star"
    }
  },
  {
    "tool": "any",
    "material": {
        "item": "ordinarycoins:coinsilver"
    }
  },
  {
    "tool": {
        "item": "minecraft:bow"
    },
    "material": {
        "ore_dict": "lumber"
    }
  },
  {
    "tool": {
        "item": "minecraft:fishing_rod"
    },
    "material": {
        "ore_dict": "lumber"
    }
  },
  {
    "tool": {
        "item": "minecraft:wooden_hoe"
    },
    "material": {
        "ore_dict": "lumber"
    }
  },
  {
    "tool": {
        "item": "minecraft:stone_hoe"
    },
    "material": {
        "ore_dict": "cobblestone"
    }
  },
  {
    "tool": {
        "item": "minecraft:iron_hoe"
    },
    "material": {
        "ore_dict": "ingotIron"
    }
  },
  {
    "tool": {
        "item": "minecraft:shears"
    },
    "material": {
        "ore_dict": "ingotIron"
    }
  },
  {
    "tool": {
        "item": "minecraft:iron_horse_armor"
    },
    "material": {
        "ore_dict": "ingotIron"
    }
  },
  {
    "tool": {
        "item": "minecraft:golden_hoe"
    },
    "material": {
        "ore_dict": "ingotGold"
    }
  },
  {
    "tool": {
        "item": "minecraft:golden_horse_armor"
    },
    "material": {
        "ore_dict": "ingotGold"
    }
  },
  {
    "tool": {
        "item": "minecraft:diamond_hoe"
    },
    "material": {
        "ore_dict": "gemDiamond"
    }
  },
  {
    "tool": {
        "item": "minecraft:diamond_horse_armor"
    },
    "material": {
        "ore_dict": "gemDiamond"
    }
  },
  {
    "tool": {
        "item": "qualitytools:emerald_ring"
    },
    "material": {
        "ore_dict": "gemEmerald"
    }
  },
  {
    "tool": {
        "item": "qualitytools:emerald_amulet"
    },
    "material": {
        "ore_dict": "gemEmerald"
    }
  },
  {
    "tool": {
        "item": "minecraft:totem_of_undying"
    },
    "material": {
        "ore_dict": "gemEmerald"
    }
  },
  {
    "tool": {
		"item": "tfc:metal/pick/bismuth_bronze"
    },
    "material": {
        "ore_dict": "ingotBismuthBronze"
    }
  },
  {
    "tool": {
		"item": "tfc:metal/pick/black_bronze"
    },
    "material": {
        "ore_dict": "ingotBlackBronze"
    }
  },
  {
    "tool": {
		"item": "tfc:metal/pick/bronze"
    },
    "material": {
        "ore_dict": "ingotBronze"
    }
  },
  {
    "tool": {
		"item": "tfc:metal/pick/copper"
    },
    "material": {
        "ore_dict": "ingotCopper"
    }
  },
  {
    "tool": {
		"item": "tfc:metal/pick/wrought_iron"
    },
    "material": {
        "ore_dict": "ingotWroughtIron"
    }
  },
  {
    "tool": {
		"item": "tfc:metal/pick/mithril"
    },
    "material": {
        "ore_dict": "ingotMithril"
    }
  },
  {
    "tool": {
		"item": "tfc:metal/pick/invar"
    },
    "material": {
        "ore_dict": "ingotInvar"
    }
  },
  {
    "tool": {
		"item": "tfc:metal/pick/aluminium"
    },
    "material": {
        "ore_dict": "ingotAluminium"
    }
  },
  {
    "tool": {
		"item": "tfc:metal/pick/steel"
    },
    "material": {
        "ore_dict": "ingotSteel"
    }
  },
  {
    "tool": {
		"item": "tfc:metal/pick/black_steel"
    },
    "material": {
        "ore_dict": "ingotBlackSteel"
    }
  },
  {
    "tool": {
		"item": "tfc:metal/pick/blue_steel"
    },
    "material": {
        "ore_dict": "ingotBlueSteel"
    }
  },
  {
    "tool": {
		"item": "tfc:metal/pick/red_steel"
    },
    "material": {
        "ore_dict": "ingotRedSteel"
    }
  },
  {
    "tool": {
		"item": "tfc:metal/pick/cobalt"
    },
    "material": {
        "ore_dict": "ingotCobalt"
    }
  },
  {
    "tool": {
		"item": "tfc:metal/pick/manyullyn"
    },
    "material": {
        "ore_dict": "ingotManyullyn"
    }
  },
  {
    "tool": {
		"item": "tfc:metal/pick/osmium"
    },
    "material": {
        "ore_dict": "ingotOsmium"
    }
  },
  {
    "tool": {
		"item": "tfc:metal/pick/titanium"
    },
    "material": {
        "ore_dict": "ingotTitanium"
    }
  },
  {
    "tool": {
		"item": "tfc:metal/pick/tungsten"
    },
    "material": {
        "ore_dict": "ingotTungsten"
    }
  },
  {
    "tool": {
		"item": "tfc:metal/pick/tungsten_steel"
    },
    "material": {
        "ore_dict": "ingotTungstenSteel"
    }
  },
  
  {
    "tool": {
		"item": "tfc:metal/shovel/bismuth_bronze"
    },
    "material": {
        "ore_dict": "ingotBismuthBronze"
    }
  },
  {
    "tool": {
		"item": "tfc:metal/shovel/black_bronze"
    },
    "material": {
        "ore_dict": "ingotBlackBronze"
    }
  },
  {
    "tool": {
		"item": "tfc:metal/shovel/bronze"
    },
    "material": {
        "ore_dict": "ingotBronze"
    }
  },
  {
    "tool": {
		"item": "tfc:metal/shovel/copper"
    },
    "material": {
        "ore_dict": "ingotCopper"
    }
  },
  {
    "tool": {
		"item": "tfc:metal/shovel/wrought_iron"
    },
    "material": {
        "ore_dict": "ingotWroughtIron"
    }
  },
  {
    "tool": {
		"item": "tfc:metal/shovel/mithril"
    },
    "material": {
        "ore_dict": "ingotMithril"
    }
  },
  {
    "tool": {
		"item": "tfc:metal/shovel/invar"
    },
    "material": {
        "ore_dict": "ingotInvar"
    }
  },
  {
    "tool": {
		"item": "tfc:metal/shovel/aluminium"
    },
    "material": {
        "ore_dict": "ingotAluminium"
    }
  },
  {
    "tool": {
		"item": "tfc:metal/shovel/steel"
    },
    "material": {
        "ore_dict": "ingotSteel"
    }
  },
  {
    "tool": {
		"item": "tfc:metal/shovel/black_steel"
    },
    "material": {
        "ore_dict": "ingotBlackSteel"
    }
  },
  {
    "tool": {
		"item": "tfc:metal/shovel/blue_steel"
    },
    "material": {
        "ore_dict": "ingotBlueSteel"
    }
  },
  {
    "tool": {
		"item": "tfc:metal/shovel/red_steel"
    },
    "material": {
        "ore_dict": "ingotRedSteel"
    }
  },
  {
    "tool": {
		"item": "tfc:metal/shovel/cobalt"
    },
    "material": {
        "ore_dict": "ingotCobalt"
    }
  },
  {
    "tool": {
		"item": "tfc:metal/shovel/manyullyn"
    },
    "material": {
        "ore_dict": "ingotManyullyn"
    }
  },
  {
    "tool": {
		"item": "tfc:metal/shovel/osmium"
    },
    "material": {
        "ore_dict": "ingotOsmium"
    }
  },
  {
    "tool": {
		"item": "tfc:metal/shovel/titanium"
    },
    "material": {
        "ore_dict": "ingotTitanium"
    }
  },
  {
    "tool": {
		"item": "tfc:metal/shovel/tungsten"
    },
    "material": {
        "ore_dict": "ingotTungsten"
    }
  },
  {
    "tool": {
		"item": "tfc:metal/shovel/tungsten_steel"
    },
    "material": {
        "ore_dict": "ingotTungstenSteel"
    }
  },
  {
    "tool": {
		"item": "tfc:metal/axe/bismuth_bronze"
    },
    "material": {
        "ore_dict": "ingotBismuthBronze"
    }
  },
  {
    "tool": {
		"item": "tfc:metal/axe/black_bronze"
    },
    "material": {
        "ore_dict": "ingotBlackBronze"
    }
  },
  {
    "tool": {
		"item": "tfc:metal/axe/bronze"
    },
    "material": {
        "ore_dict": "ingotBronze"
    }
  },
  {
    "tool": {
		"item": "tfc:metal/axe/copper"
    },
    "material": {
        "ore_dict": "ingotCopper"
    }
  },
  {
    "tool": {
		"item": "tfc:metal/axe/wrought_iron"
    },
    "material": {
        "ore_dict": "ingotWroughtIron"
    }
  },
  {
    "tool": {
		"item": "tfc:metal/axe/mithril"
    },
    "material": {
        "ore_dict": "ingotMithril"
    }
  },
  {
    "tool": {
		"item": "tfc:metal/axe/invar"
    },
    "material": {
        "ore_dict": "ingotInvar"
    }
  },
  {
    "tool": {
		"item": "tfc:metal/axe/aluminium"
    },
    "material": {
        "ore_dict": "ingotAluminium"
    }
  },
  {
    "tool": {
		"item": "tfc:metal/axe/steel"
    },
    "material": {
        "ore_dict": "ingotSteel"
    }
  },
  {
    "tool": {
		"item": "tfc:metal/axe/black_steel"
    },
    "material": {
        "ore_dict": "ingotBlackSteel"
    }
  },
  {
    "tool": {
		"item": "tfc:metal/axe/blue_steel"
    },
    "material": {
        "ore_dict": "ingotBlueSteel"
    }
  },
  {
    "tool": {
		"item": "tfc:metal/axe/red_steel"
    },
    "material": {
        "ore_dict": "ingotRedSteel"
    }
  },
  {
    "tool": {
		"item": "tfc:metal/axe/cobalt"
    },
    "material": {
        "ore_dict": "ingotCobalt"
    }
  },
  {
    "tool": {
		"item": "tfc:metal/axe/manyullyn"
    },
    "material": {
        "ore_dict": "ingotManyullyn"
    }
  },
  {
    "tool": {
		"item": "tfc:metal/axe/osmium"
    },
    "material": {
        "ore_dict": "ingotOsmium"
    }
  },
  {
    "tool": {
		"item": "tfc:metal/axe/titanium"
    },
    "material": {
        "ore_dict": "ingotTitanium"
    }
  },
  {
    "tool": {
		"item": "tfc:metal/axe/tungsten"
    },
    "material": {
        "ore_dict": "ingotTungsten"
    }
  },
  {
    "tool": {
		"item": "tfc:metal/axe/tungsten_steel"
    },
    "material": {
        "ore_dict": "ingotTungstenSteel"
    }
  },
  {
    "tool": {
		"item": "tfc:metal/hoe/bismuth_bronze"
    },
    "material": {
        "ore_dict": "ingotBismuthBronze"
    }
  },
  {
    "tool": {
		"item": "tfc:metal/hoe/black_bronze"
    },
    "material": {
        "ore_dict": "ingotBlackBronze"
    }
  },
  {
    "tool": {
		"item": "tfc:metal/hoe/bronze"
    },
    "material": {
        "ore_dict": "ingotBronze"
    }
  },
  {
    "tool": {
		"item": "tfc:metal/hoe/copper"
    },
    "material": {
        "ore_dict": "ingotCopper"
    }
  },
  {
    "tool": {
		"item": "tfc:metal/hoe/wrought_iron"
    },
    "material": {
        "ore_dict": "ingotWroughtIron"
    }
  },
  {
    "tool": {
		"item": "tfc:metal/hoe/mithril"
    },
    "material": {
        "ore_dict": "ingotMithril"
    }
  },
  {
    "tool": {
		"item": "tfc:metal/hoe/invar"
    },
    "material": {
        "ore_dict": "ingotInvar"
    }
  },
  {
    "tool": {
		"item": "tfc:metal/hoe/aluminium"
    },
    "material": {
        "ore_dict": "ingotAluminium"
    }
  },
  {
    "tool": {
		"item": "tfc:metal/hoe/steel"
    },
    "material": {
        "ore_dict": "ingotSteel"
    }
  },
  {
    "tool": {
		"item": "tfc:metal/hoe/black_steel"
    },
    "material": {
        "ore_dict": "ingotBlackSteel"
    }
  },
  {
    "tool": {
		"item": "tfc:metal/hoe/blue_steel"
    },
    "material": {
        "ore_dict": "ingotBlueSteel"
    }
  },
  {
    "tool": {
		"item": "tfc:metal/hoe/red_steel"
    },
    "material": {
        "ore_dict": "ingotRedSteel"
    }
  },
  {
    "tool": {
		"item": "tfc:metal/hoe/cobalt"
    },
    "material": {
        "ore_dict": "ingotCobalt"
    }
  },
  {
    "tool": {
		"item": "tfc:metal/hoe/manyullyn"
    },
    "material": {
        "ore_dict": "ingotManyullyn"
    }
  },
  {
    "tool": {
		"item": "tfc:metal/hoe/osmium"
    },
    "material": {
        "ore_dict": "ingotOsmium"
    }
  },
  {
    "tool": {
		"item": "tfc:metal/hoe/titanium"
    },
    "material": {
        "ore_dict": "ingotTitanium"
    }
  },
  {
    "tool": {
		"item": "tfc:metal/hoe/tungsten"
    },
    "material": {
        "ore_dict": "ingotTungsten"
    }
  },
  {
    "tool": {
		"item": "tfc:metal/hoe/tungsten_steel"
    },
    "material": {
        "ore_dict": "ingotTungstenSteel"
    }
  },
  {
    "tool": {
		"item": "tfc:metal/chisel/bismuth_bronze"
    },
    "material": {
        "ore_dict": "ingotBismuthBronze"
    }
  },
  {
    "tool": {
		"item": "tfc:metal/chisel/black_bronze"
    },
    "material": {
        "ore_dict": "ingotBlackBronze"
    }
  },
  {
    "tool": {
		"item": "tfc:metal/chisel/bronze"
    },
    "material": {
        "ore_dict": "ingotBronze"
    }
  },
  {
    "tool": {
		"item": "tfc:metal/chisel/copper"
    },
    "material": {
        "ore_dict": "ingotCopper"
    }
  },
  {
    "tool": {
		"item": "tfc:metal/chisel/wrought_iron"
    },
    "material": {
        "ore_dict": "ingotWroughtIron"
    }
  },
  {
    "tool": {
		"item": "tfc:metal/chisel/mithril"
    },
    "material": {
        "ore_dict": "ingotMithril"
    }
  },
  {
    "tool": {
		"item": "tfc:metal/chisel/invar"
    },
    "material": {
        "ore_dict": "ingotInvar"
    }
  },
  {
    "tool": {
		"item": "tfc:metal/chisel/aluminium"
    },
    "material": {
        "ore_dict": "ingotAluminium"
    }
  },
  {
    "tool": {
		"item": "tfc:metal/chisel/steel"
    },
    "material": {
        "ore_dict": "ingotSteel"
    }
  },
  {
    "tool": {
		"item": "tfc:metal/chisel/black_steel"
    },
    "material": {
        "ore_dict": "ingotBlackSteel"
    }
  },
  {
    "tool": {
		"item": "tfc:metal/chisel/blue_steel"
    },
    "material": {
        "ore_dict": "ingotBlueSteel"
    }
  },
  {
    "tool": {
		"item": "tfc:metal/chisel/red_steel"
    },
    "material": {
        "ore_dict": "ingotRedSteel"
    }
  },
  {
    "tool": {
		"item": "tfc:metal/chisel/cobalt"
    },
    "material": {
        "ore_dict": "ingotCobalt"
    }
  },
  {
    "tool": {
		"item": "tfc:metal/chisel/manyullyn"
    },
    "material": {
        "ore_dict": "ingotManyullyn"
    }
  },
  {
    "tool": {
		"item": "tfc:metal/chisel/osmium"
    },
    "material": {
        "ore_dict": "ingotOsmium"
    }
  },
  {
    "tool": {
		"item": "tfc:metal/chisel/titanium"
    },
    "material": {
        "ore_dict": "ingotTitanium"
    }
  },
  {
    "tool": {
		"item": "tfc:metal/chisel/tungsten"
    },
    "material": {
        "ore_dict": "ingotTungsten"
    }
  },
  {
    "tool": {
		"item": "tfc:metal/chisel/tungsten_steel"
    },
    "material": {
        "ore_dict": "ingotTungstenSteel"
    }
  },
  {
    "tool": {
		"item": "tfc:metal/sword/bismuth_bronze"
    },
    "material": {
        "ore_dict": "ingotBismuthBronze"
    }
  },
  {
    "tool": {
		"item": "tfc:metal/sword/black_bronze"
    },
    "material": {
        "ore_dict": "ingotBlackBronze"
    }
  },
  {
    "tool": {
		"item": "tfc:metal/sword/bronze"
    },
    "material": {
        "ore_dict": "ingotBronze"
    }
  },
  {
    "tool": {
		"item": "tfc:metal/sword/copper"
    },
    "material": {
        "ore_dict": "ingotCopper"
    }
  },
  {
    "tool": {
		"item": "tfc:metal/sword/wrought_iron"
    },
    "material": {
        "ore_dict": "ingotWroughtIron"
    }
  },
  {
    "tool": {
		"item": "tfc:metal/sword/mithril"
    },
    "material": {
        "ore_dict": "ingotMithril"
    }
  },
  {
    "tool": {
		"item": "tfc:metal/sword/invar"
    },
    "material": {
        "ore_dict": "ingotInvar"
    }
  },
  {
    "tool": {
		"item": "tfc:metal/sword/aluminium"
    },
    "material": {
        "ore_dict": "ingotAluminium"
    }
  },
  {
    "tool": {
		"item": "tfc:metal/sword/steel"
    },
    "material": {
        "ore_dict": "ingotSteel"
    }
  },
  {
    "tool": {
		"item": "tfc:metal/sword/black_steel"
    },
    "material": {
        "ore_dict": "ingotBlackSteel"
    }
  },
  {
    "tool": {
		"item": "tfc:metal/sword/blue_steel"
    },
    "material": {
        "ore_dict": "ingotBlueSteel"
    }
  },
  {
    "tool": {
		"item": "tfc:metal/sword/red_steel"
    },
    "material": {
        "ore_dict": "ingotRedSteel"
    }
  },
  {
    "tool": {
		"item": "tfc:metal/sword/cobalt"
    },
    "material": {
        "ore_dict": "ingotCobalt"
    }
  },
  {
    "tool": {
		"item": "tfc:metal/sword/manyullyn"
    },
    "material": {
        "ore_dict": "ingotManyullyn"
    }
  },
  {
    "tool": {
		"item": "tfc:metal/sword/osmium"
    },
    "material": {
        "ore_dict": "ingotOsmium"
    }
  },
  {
    "tool": {
		"item": "tfc:metal/sword/titanium"
    },
    "material": {
        "ore_dict": "ingotTitanium"
    }
  },
  {
    "tool": {
		"item": "tfc:metal/sword/tungsten"
    },
    "material": {
        "ore_dict": "ingotTungsten"
    }
  },
  {
    "tool": {
		"item": "tfc:metal/sword/tungsten_steel"
    },
    "material": {
        "ore_dict": "ingotTungstenSteel"
    }
  },
  {
    "tool": {
		"item": "tfc:metal/mace/bismuth_bronze"
    },
    "material": {
        "ore_dict": "ingotBismuthBronze"
    }
  },
  {
    "tool": {
		"item": "tfc:metal/mace/black_bronze"
    },
    "material": {
        "ore_dict": "ingotBlackBronze"
    }
  },
  {
    "tool": {
		"item": "tfc:metal/mace/bronze"
    },
    "material": {
        "ore_dict": "ingotBronze"
    }
  },
  {
    "tool": {
		"item": "tfc:metal/mace/copper"
    },
    "material": {
        "ore_dict": "ingotCopper"
    }
  },
  {
    "tool": {
		"item": "tfc:metal/mace/wrought_iron"
    },
    "material": {
        "ore_dict": "ingotWroughtIron"
    }
  },
  {
    "tool": {
		"item": "tfc:metal/mace/mithril"
    },
    "material": {
        "ore_dict": "ingotMithril"
    }
  },
  {
    "tool": {
		"item": "tfc:metal/mace/invar"
    },
    "material": {
        "ore_dict": "ingotInvar"
    }
  },
  {
    "tool": {
		"item": "tfc:metal/mace/aluminium"
    },
    "material": {
        "ore_dict": "ingotAluminium"
    }
  },
  {
    "tool": {
		"item": "tfc:metal/mace/steel"
    },
    "material": {
        "ore_dict": "ingotSteel"
    }
  },
  {
    "tool": {
		"item": "tfc:metal/mace/black_steel"
    },
    "material": {
        "ore_dict": "ingotBlackSteel"
    }
  },
  {
    "tool": {
		"item": "tfc:metal/mace/blue_steel"
    },
    "material": {
        "ore_dict": "ingotBlueSteel"
    }
  },
  {
    "tool": {
		"item": "tfc:metal/mace/red_steel"
    },
    "material": {
        "ore_dict": "ingotRedSteel"
    }
  },
  {
    "tool": {
		"item": "tfc:metal/mace/cobalt"
    },
    "material": {
        "ore_dict": "ingotCobalt"
    }
  },
  {
    "tool": {
		"item": "tfc:metal/mace/manyullyn"
    },
    "material": {
        "ore_dict": "ingotManyullyn"
    }
  },
  {
    "tool": {
		"item": "tfc:metal/mace/osmium"
    },
    "material": {
        "ore_dict": "ingotOsmium"
    }
  },
  {
    "tool": {
		"item": "tfc:metal/mace/titanium"
    },
    "material": {
        "ore_dict": "ingotTitanium"
    }
  },
  {
    "tool": {
		"item": "tfc:metal/mace/tungsten"
    },
    "material": {
        "ore_dict": "ingotTungsten"
    }
  },
  {
    "tool": {
		"item": "tfc:metal/mace/tungsten_steel"
    },
    "material": {
        "ore_dict": "ingotTungstenSteel"
    }
  },
  {
    "tool": {
		"item": "tfc:metal/saw/bismuth_bronze"
    },
    "material": {
        "ore_dict": "ingotBismuthBronze"
    }
  },
  {
    "tool": {
		"item": "tfc:metal/saw/black_bronze"
    },
    "material": {
        "ore_dict": "ingotBlackBronze"
    }
  },
  {
    "tool": {
		"item": "tfc:metal/saw/bronze"
    },
    "material": {
        "ore_dict": "ingotBronze"
    }
  },
  {
    "tool": {
		"item": "tfc:metal/saw/copper"
    },
    "material": {
        "ore_dict": "ingotCopper"
    }
  },
  {
    "tool": {
		"item": "tfc:metal/saw/wrought_iron"
    },
    "material": {
        "ore_dict": "ingotWroughtIron"
    }
  },
  {
    "tool": {
		"item": "tfc:metal/saw/mithril"
    },
    "material": {
        "ore_dict": "ingotMithril"
    }
  },
  {
    "tool": {
		"item": "tfc:metal/saw/invar"
    },
    "material": {
        "ore_dict": "ingotInvar"
    }
  },
  {
    "tool": {
		"item": "tfc:metal/saw/aluminium"
    },
    "material": {
        "ore_dict": "ingotAluminium"
    }
  },
  {
    "tool": {
		"item": "tfc:metal/saw/steel"
    },
    "material": {
        "ore_dict": "ingotSteel"
    }
  },
  {
    "tool": {
		"item": "tfc:metal/saw/black_steel"
    },
    "material": {
        "ore_dict": "ingotBlackSteel"
    }
  },
  {
    "tool": {
		"item": "tfc:metal/saw/blue_steel"
    },
    "material": {
        "ore_dict": "ingotBlueSteel"
    }
  },
  {
    "tool": {
		"item": "tfc:metal/saw/red_steel"
    },
    "material": {
        "ore_dict": "ingotRedSteel"
    }
  },
  {
    "tool": {
		"item": "tfc:metal/saw/cobalt"
    },
    "material": {
        "ore_dict": "ingotCobalt"
    }
  },
  {
    "tool": {
		"item": "tfc:metal/saw/manyullyn"
    },
    "material": {
        "ore_dict": "ingotManyullyn"
    }
  },
  {
    "tool": {
		"item": "tfc:metal/saw/osmium"
    },
    "material": {
        "ore_dict": "ingotOsmium"
    }
  },
  {
    "tool": {
		"item": "tfc:metal/saw/titanium"
    },
    "material": {
        "ore_dict": "ingotTitanium"
    }
  },
  {
    "tool": {
		"item": "tfc:metal/saw/tungsten"
    },
    "material": {
        "ore_dict": "ingotTungsten"
    }
  },
  {
    "tool": {
		"item": "tfc:metal/saw/tungsten_steel"
    },
    "material": {
        "ore_dict": "ingotTungstenSteel"
    }
  },
  {
    "tool": {
		"item": "tfc:metal/javelin/bismuth_bronze"
    },
    "material": {
        "ore_dict": "ingotBismuthBronze"
    }
  },
  {
    "tool": {
		"item": "tfc:metal/javelin/black_bronze"
    },
    "material": {
        "ore_dict": "ingotBlackBronze"
    }
  },
  {
    "tool": {
		"item": "tfc:metal/javelin/bronze"
    },
    "material": {
        "ore_dict": "ingotBronze"
    }
  },
  {
    "tool": {
		"item": "tfc:metal/javelin/copper"
    },
    "material": {
        "ore_dict": "ingotCopper"
    }
  },
  {
    "tool": {
		"item": "tfc:metal/javelin/wrought_iron"
    },
    "material": {
        "ore_dict": "ingotWroughtIron"
    }
  },
  {
    "tool": {
		"item": "tfc:metal/javelin/mithril"
    },
    "material": {
        "ore_dict": "ingotMithril"
    }
  },
  {
    "tool": {
		"item": "tfc:metal/javelin/invar"
    },
    "material": {
        "ore_dict": "ingotInvar"
    }
  },
  {
    "tool": {
		"item": "tfc:metal/javelin/aluminium"
    },
    "material": {
        "ore_dict": "ingotAluminium"
    }
  },
  {
    "tool": {
		"item": "tfc:metal/javelin/steel"
    },
    "material": {
        "ore_dict": "ingotSteel"
    }
  },
  {
    "tool": {
		"item": "tfc:metal/javelin/black_steel"
    },
    "material": {
        "ore_dict": "ingotBlackSteel"
    }
  },
  {
    "tool": {
		"item": "tfc:metal/javelin/blue_steel"
    },
    "material": {
        "ore_dict": "ingotBlueSteel"
    }
  },
  {
    "tool": {
		"item": "tfc:metal/javelin/red_steel"
    },
    "material": {
        "ore_dict": "ingotRedSteel"
    }
  },
  {
    "tool": {
		"item": "tfc:metal/javelin/cobalt"
    },
    "material": {
        "ore_dict": "ingotCobalt"
    }
  },
  {
    "tool": {
		"item": "tfc:metal/javelin/manyullyn"
    },
    "material": {
        "ore_dict": "ingotManyullyn"
    }
  },
  {
    "tool": {
		"item": "tfc:metal/javelin/osmium"
    },
    "material": {
        "ore_dict": "ingotOsmium"
    }
  },
  {
    "tool": {
		"item": "tfc:metal/javelin/titanium"
    },
    "material": {
        "ore_dict": "ingotTitanium"
    }
  },
  {
    "tool": {
		"item": "tfc:metal/javelin/tungsten"
    },
    "material": {
        "ore_dict": "ingotTungsten"
    }
  },
  {
    "tool": {
		"item": "tfc:metal/javelin/tungsten_steel"
    },
    "material": {
        "ore_dict": "ingotTungstenSteel"
    }
  },
  {
    "tool": {
		"item": "tfc:metal/hammer/bismuth_bronze"
    },
    "material": {
        "ore_dict": "ingotBismuthBronze"
    }
  },
  {
    "tool": {
		"item": "tfc:metal/hammer/black_bronze"
    },
    "material": {
        "ore_dict": "ingotBlackBronze"
    }
  },
  {
    "tool": {
		"item": "tfc:metal/hammer/bronze"
    },
    "material": {
        "ore_dict": "ingotBronze"
    }
  },
  {
    "tool": {
		"item": "tfc:metal/hammer/copper"
    },
    "material": {
        "ore_dict": "ingotCopper"
    }
  },
  {
    "tool": {
		"item": "tfc:metal/hammer/wrought_iron"
    },
    "material": {
        "ore_dict": "ingotWroughtIron"
    }
  },
  {
    "tool": {
		"item": "tfc:metal/hammer/mithril"
    },
    "material": {
        "ore_dict": "ingotMithril"
    }
  },
  {
    "tool": {
		"item": "tfc:metal/hammer/invar"
    },
    "material": {
        "ore_dict": "ingotInvar"
    }
  },
  {
    "tool": {
		"item": "tfc:metal/hammer/aluminium"
    },
    "material": {
        "ore_dict": "ingotAluminium"
    }
  },
  {
    "tool": {
		"item": "tfc:metal/hammer/steel"
    },
    "material": {
        "ore_dict": "ingotSteel"
    }
  },
  {
    "tool": {
		"item": "tfc:metal/hammer/black_steel"
    },
    "material": {
        "ore_dict": "ingotBlackSteel"
    }
  },
  {
    "tool": {
		"item": "tfc:metal/hammer/blue_steel"
    },
    "material": {
        "ore_dict": "ingotBlueSteel"
    }
  },
  {
    "tool": {
		"item": "tfc:metal/hammer/red_steel"
    },
    "material": {
        "ore_dict": "ingotRedSteel"
    }
  },
  {
    "tool": {
		"item": "tfc:metal/hammer/cobalt"
    },
    "material": {
        "ore_dict": "ingotCobalt"
    }
  },
  {
    "tool": {
		"item": "tfc:metal/hammer/manyullyn"
    },
    "material": {
        "ore_dict": "ingotManyullyn"
    }
  },
  {
    "tool": {
		"item": "tfc:metal/hammer/osmium"
    },
    "material": {
        "ore_dict": "ingotOsmium"
    }
  },
  {
    "tool": {
		"item": "tfc:metal/hammer/titanium"
    },
    "material": {
        "ore_dict": "ingotTitanium"
    }
  },
  {
    "tool": {
		"item": "tfc:metal/hammer/tungsten"
    },
    "material": {
        "ore_dict": "ingotTungsten"
    }
  },
  {
    "tool": {
		"item": "tfc:metal/hammer/tungsten_steel"
    },
    "material": {
        "ore_dict": "ingotTungstenSteel"
    }
  },
  {
    "tool": {
		"item": "tfc:metal/propick/bismuth_bronze"
    },
    "material": {
        "ore_dict": "ingotBismuthBronze"
    }
  },
  {
    "tool": {
		"item": "tfc:metal/propick/black_bronze"
    },
    "material": {
        "ore_dict": "ingotBlackBronze"
    }
  },
  {
    "tool": {
		"item": "tfc:metal/propick/bronze"
    },
    "material": {
        "ore_dict": "ingotBronze"
    }
  },
  {
    "tool": {
		"item": "tfc:metal/propick/copper"
    },
    "material": {
        "ore_dict": "ingotCopper"
    }
  },
  {
    "tool": {
		"item": "tfc:metal/propick/wrought_iron"
    },
    "material": {
        "ore_dict": "ingotWroughtIron"
    }
  },
  {
    "tool": {
		"item": "tfc:metal/propick/mithril"
    },
    "material": {
        "ore_dict": "ingotMithril"
    }
  },
  {
    "tool": {
		"item": "tfc:metal/propick/invar"
    },
    "material": {
        "ore_dict": "ingotInvar"
    }
  },
  {
    "tool": {
		"item": "tfc:metal/propick/aluminium"
    },
    "material": {
        "ore_dict": "ingotAluminium"
    }
  },
  {
    "tool": {
		"item": "tfc:metal/propick/steel"
    },
    "material": {
        "ore_dict": "ingotSteel"
    }
  },
  {
    "tool": {
		"item": "tfc:metal/propick/black_steel"
    },
    "material": {
        "ore_dict": "ingotBlackSteel"
    }
  },
  {
    "tool": {
		"item": "tfc:metal/propick/blue_steel"
    },
    "material": {
        "ore_dict": "ingotBlueSteel"
    }
  },
  {
    "tool": {
		"item": "tfc:metal/propick/red_steel"
    },
    "material": {
        "ore_dict": "ingotRedSteel"
    }
  },
  {
    "tool": {
		"item": "tfc:metal/propick/cobalt"
    },
    "material": {
        "ore_dict": "ingotCobalt"
    }
  },
  {
    "tool": {
		"item": "tfc:metal/propick/manyullyn"
    },
    "material": {
        "ore_dict": "ingotManyullyn"
    }
  },
  {
    "tool": {
		"item": "tfc:metal/propick/osmium"
    },
    "material": {
        "ore_dict": "ingotOsmium"
    }
  },
  {
    "tool": {
		"item": "tfc:metal/propick/titanium"
    },
    "material": {
        "ore_dict": "ingotTitanium"
    }
  },
  {
    "tool": {
		"item": "tfc:metal/propick/tungsten"
    },
    "material": {
        "ore_dict": "ingotTungsten"
    }
  },
  {
    "tool": {
		"item": "tfc:metal/propick/tungsten_steel"
    },
    "material": {
        "ore_dict": "ingotTungstenSteel"
    }
  },
  {
    "tool": {
		"item": "tfc:metal/knife/bismuth_bronze"
    },
    "material": {
        "ore_dict": "ingotBismuthBronze"
    }
  },
  {
    "tool": {
		"item": "tfc:metal/knife/black_bronze"
    },
    "material": {
        "ore_dict": "ingotBlackBronze"
    }
  },
  {
    "tool": {
		"item": "tfc:metal/knife/bronze"
    },
    "material": {
        "ore_dict": "ingotBronze"
    }
  },
  {
    "tool": {
		"item": "tfc:metal/knife/copper"
    },
    "material": {
        "ore_dict": "ingotCopper"
    }
  },
  {
    "tool": {
		"item": "tfc:metal/knife/wrought_iron"
    },
    "material": {
        "ore_dict": "ingotWroughtIron"
    }
  },
  {
    "tool": {
		"item": "tfc:metal/knife/mithril"
    },
    "material": {
        "ore_dict": "ingotMithril"
    }
  },
  {
    "tool": {
		"item": "tfc:metal/knife/invar"
    },
    "material": {
        "ore_dict": "ingotInvar"
    }
  },
  {
    "tool": {
		"item": "tfc:metal/knife/aluminium"
    },
    "material": {
        "ore_dict": "ingotAluminium"
    }
  },
  {
    "tool": {
		"item": "tfc:metal/knife/steel"
    },
    "material": {
        "ore_dict": "ingotSteel"
    }
  },
  {
    "tool": {
		"item": "tfc:metal/knife/black_steel"
    },
    "material": {
        "ore_dict": "ingotBlackSteel"
    }
  },
  {
    "tool": {
		"item": "tfc:metal/knife/blue_steel"
    },
    "material": {
        "ore_dict": "ingotBlueSteel"
    }
  },
  {
    "tool": {
		"item": "tfc:metal/knife/red_steel"
    },
    "material": {
        "ore_dict": "ingotRedSteel"
    }
  },
  {
    "tool": {
		"item": "tfc:metal/knife/cobalt"
    },
    "material": {
        "ore_dict": "ingotCobalt"
    }
  },
  {
    "tool": {
		"item": "tfc:metal/knife/manyullyn"
    },
    "material": {
        "ore_dict": "ingotManyullyn"
    }
  },
  {
    "tool": {
		"item": "tfc:metal/knife/osmium"
    },
    "material": {
        "ore_dict": "ingotOsmium"
    }
  },
  {
    "tool": {
		"item": "tfc:metal/knife/titanium"
    },
    "material": {
        "ore_dict": "ingotTitanium"
    }
  },
  {
    "tool": {
		"item": "tfc:metal/knife/tungsten"
    },
    "material": {
        "ore_dict": "ingotTungsten"
    }
  },
  {
    "tool": {
		"item": "tfc:metal/knife/tungsten_steel"
    },
    "material": {
        "ore_dict": "ingotTungstenSteel"
    }
  },
  {
    "tool": {
		"item": "tfc:metal/scythe/bismuth_bronze"
    },
    "material": {
        "ore_dict": "ingotBismuthBronze"
    }
  },
  {
    "tool": {
		"item": "tfc:metal/scythe/black_bronze"
    },
    "material": {
        "ore_dict": "ingotBlackBronze"
    }
  },
  {
    "tool": {
		"item": "tfc:metal/scythe/bronze"
    },
    "material": {
        "ore_dict": "ingotBronze"
    }
  },
  {
    "tool": {
		"item": "tfc:metal/scythe/copper"
    },
    "material": {
        "ore_dict": "ingotCopper"
    }
  },
  {
    "tool": {
		"item": "tfc:metal/scythe/wrought_iron"
    },
    "material": {
        "ore_dict": "ingotWroughtIron"
    }
  },
  {
    "tool": {
		"item": "tfc:metal/scythe/mithril"
    },
    "material": {
        "ore_dict": "ingotMithril"
    }
  },
  {
    "tool": {
		"item": "tfc:metal/scythe/invar"
    },
    "material": {
        "ore_dict": "ingotInvar"
    }
  },
  {
    "tool": {
		"item": "tfc:metal/scythe/aluminium"
    },
    "material": {
        "ore_dict": "ingotAluminium"
    }
  },
  {
    "tool": {
		"item": "tfc:metal/scythe/steel"
    },
    "material": {
        "ore_dict": "ingotSteel"
    }
  },
  {
    "tool": {
		"item": "tfc:metal/scythe/black_steel"
    },
    "material": {
        "ore_dict": "ingotBlackSteel"
    }
  },
  {
    "tool": {
		"item": "tfc:metal/scythe/blue_steel"
    },
    "material": {
        "ore_dict": "ingotBlueSteel"
    }
  },
  {
    "tool": {
		"item": "tfc:metal/scythe/red_steel"
    },
    "material": {
        "ore_dict": "ingotRedSteel"
    }
  },
  {
    "tool": {
		"item": "tfc:metal/scythe/cobalt"
    },
    "material": {
        "ore_dict": "ingotCobalt"
    }
  },
  {
    "tool": {
		"item": "tfc:metal/scythe/manyullyn"
    },
    "material": {
        "ore_dict": "ingotManyullyn"
    }
  },
  {
    "tool": {
		"item": "tfc:metal/scythe/osmium"
    },
    "material": {
        "ore_dict": "ingotOsmium"
    }
  },
  {
    "tool": {
		"item": "tfc:metal/scythe/titanium"
    },
    "material": {
        "ore_dict": "ingotTitanium"
    }
  },
  {
    "tool": {
		"item": "tfc:metal/scythe/tungsten"
    },
    "material": {
        "ore_dict": "ingotTungsten"
    }
  },
  {
    "tool": {
		"item": "tfc:metal/scythe/tungsten_steel"
    },
    "material": {
        "ore_dict": "ingotTungstenSteel"
    }
  },
  {
    "tool": {
		"item": "tfc:metal/shears/bismuth_bronze"
    },
    "material": {
        "ore_dict": "ingotBismuthBronze"
    }
  },
  {
    "tool": {
		"item": "tfc:metal/shears/black_bronze"
    },
    "material": {
        "ore_dict": "ingotBlackBronze"
    }
  },
  {
    "tool": {
		"item": "tfc:metal/shears/bronze"
    },
    "material": {
        "ore_dict": "ingotBronze"
    }
  },
  {
    "tool": {
		"item": "tfc:metal/shears/copper"
    },
    "material": {
        "ore_dict": "ingotCopper"
    }
  },
  {
    "tool": {
		"item": "tfc:metal/shears/wrought_iron"
    },
    "material": {
        "ore_dict": "ingotWroughtIron"
    }
  },
  {
    "tool": {
		"item": "tfc:metal/shears/mithril"
    },
    "material": {
        "ore_dict": "ingotMithril"
    }
  },
  {
    "tool": {
		"item": "tfc:metal/shears/invar"
    },
    "material": {
        "ore_dict": "ingotInvar"
    }
  },
  {
    "tool": {
		"item": "tfc:metal/shears/aluminium"
    },
    "material": {
        "ore_dict": "ingotAluminium"
    }
  },
  {
    "tool": {
		"item": "tfc:metal/shears/steel"
    },
    "material": {
        "ore_dict": "ingotSteel"
    }
  },
  {
    "tool": {
		"item": "tfc:metal/shears/black_steel"
    },
    "material": {
        "ore_dict": "ingotBlackSteel"
    }
  },
  {
    "tool": {
		"item": "tfc:metal/shears/blue_steel"
    },
    "material": {
        "ore_dict": "ingotBlueSteel"
    }
  },
  {
    "tool": {
		"item": "tfc:metal/shears/red_steel"
    },
    "material": {
        "ore_dict": "ingotRedSteel"
    }
  },
  {
    "tool": {
		"item": "tfc:metal/shears/cobalt"
    },
    "material": {
        "ore_dict": "ingotCobalt"
    }
  },
  {
    "tool": {
		"item": "tfc:metal/shears/manyullyn"
    },
    "material": {
        "ore_dict": "ingotManyullyn"
    }
  },
  {
    "tool": {
		"item": "tfc:metal/shears/osmium"
    },
    "material": {
        "ore_dict": "ingotOsmium"
    }
  },
  {
    "tool": {
		"item": "tfc:metal/shears/titanium"
    },
    "material": {
        "ore_dict": "ingotTitanium"
    }
  },
  {
    "tool": {
		"item": "tfc:metal/shears/tungsten"
    },
    "material": {
        "ore_dict": "ingotTungsten"
    }
  },
  {
    "tool": {
		"item": "tfc:metal/shears/tungsten_steel"
    },
    "material": {
        "ore_dict": "ingotTungstenSteel"
    }
  },
  {
    "tool": {
		"item": "tfc:metal/helmet/bismuth_bronze"
    },
    "material": {
        "ore_dict": "plateBismuthBronze"
    }
  },
  {
    "tool": {
		"item": "tfc:metal/chestplate/bismuth_bronze"
    },
    "material": {
        "ore_dict": "plateBismuthBronze"
    }
  },
  {
    "tool": {
		"item": "tfc:metal/greaves/bismuth_bronze"
    },
    "material": {
        "ore_dict": "plateBismuthBronze"
    }
  },
  {
    "tool": {
		"item": "tfc:metal/boots/bismuth_bronze"
    },
    "material": {
        "ore_dict": "plateBismuthBronze"
    }
  },
  {
    "tool": {
		"item": "tfc:metal/helmet/black_bronze"
    },
    "material": {
        "ore_dict": "plateBlackBronze"
    }
  },
  {
    "tool": {
		"item": "tfc:metal/chestplate/black_bronze"
    },
    "material": {
        "ore_dict": "plateBlackBronze"
    }
  },
  {
    "tool": {
		"item": "tfc:metal/greaves/black_bronze"
    },
    "material": {
        "ore_dict": "plateBlackBronze"
    }
  },
  {
    "tool": {
		"item": "tfc:metal/boots/black_bronze"
    },
    "material": {
        "ore_dict": "plateBlackBronze"
    }
  },
  {
    "tool": {
		"item": "tfc:metal/helmet/bronze"
    },
    "material": {
        "ore_dict": "plateBronze"
    }
  },
  {
    "tool": {
		"item": "tfc:metal/chestplate/bronze"
    },
    "material": {
        "ore_dict": "plateBronze"
    }
  },
  {
    "tool": {
		"item": "tfc:metal/greaves/bronze"
    },
    "material": {
        "ore_dict": "plateBronze"
    }
  },
  {
    "tool": {
		"item": "tfc:metal/boots/bronze"
    },
    "material": {
        "ore_dict": "plateBronze"
    }
  },
  {
    "tool": {
		"item": "tfc:metal/helmet/copper"
    },
    "material": {
        "ore_dict": "plateCopper"
    }
  },
  {
    "tool": {
		"item": "tfc:metal/chestplate/copper"
    },
    "material": {
        "ore_dict": "plateCopper"
    }
  },
  {
    "tool": {
		"item": "tfc:metal/greaves/copper"
    },
    "material": {
        "ore_dict": "plateCopper"
    }
  },
  {
    "tool": {
		"item": "tfc:metal/boots/copper"
    },
    "material": {
        "ore_dict": "plateCopper"
    }
  },
  {
    "tool": {
		"item": "tfc:metal/helmet/wrought_iron"
    },
    "material": {
        "ore_dict": "plateWroughtIron"
    }
  },
  {
    "tool": {
		"item": "tfc:metal/chestplate/wrought_iron"
    },
    "material": {
        "ore_dict": "plateWroughtIron"
    }
  },
  {
    "tool": {
		"item": "tfc:metal/greaves/wrought_iron"
    },
    "material": {
        "ore_dict": "plateWroughtIron"
    }
  },
  {
    "tool": {
		"item": "tfc:metal/boots/wrought_iron"
    },
    "material": {
        "ore_dict": "plateWroughtIron"
    }
  },
  {
    "tool": {
		"item": "tfc:metal/helmet/steel"
    },
    "material": {
        "ore_dict": "plateSteel"
    }
  },
  {
    "tool": {
		"item": "tfc:metal/chestplate/steel"
    },
    "material": {
        "ore_dict": "plateSteel"
    }
  },
  {
    "tool": {
		"item": "tfc:metal/greaves/steel"
    },
    "material": {
        "ore_dict": "plateSteel"
    }
  },
  {
    "tool": {
		"item": "tfc:metal/boots/steel"
    },
    "material": {
        "ore_dict": "plateSteel"
    }
  },
  {
    "tool": {
		"item": "tfc:metal/helmet/black_steel"
    },
    "material": {
        "ore_dict": "plateBlackSteel"
    }
  },
  {
    "tool": {
		"item": "tfc:metal/chestplate/black_steel"
    },
    "material": {
        "ore_dict": "plateBlackSteel"
    }
  },
  {
    "tool": {
		"item": "tfc:metal/greaves/black_steel"
    },
    "material": {
        "ore_dict": "plateBlackSteel"
    }
  },
  {
    "tool": {
		"item": "tfc:metal/boots/black_steel"
    },
    "material": {
        "ore_dict": "plateBlackSteel"
    }
  },
  {
    "tool": {
		"item": "tfc:metal/helmet/blue_steel"
    },
    "material": {
        "ore_dict": "plateBlueSteel"
    }
  },
  {
    "tool": {
		"item": "tfc:metal/chestplate/blue_steel"
    },
    "material": {
        "ore_dict": "plateBlueSteel"
    }
  },
  {
    "tool": {
		"item": "tfc:metal/greaves/blue_steel"
    },
    "material": {
        "ore_dict": "plateBlueSteel"
    }
  },
  {
    "tool": {
		"item": "tfc:metal/boots/blue_steel"
    },
    "material": {
        "ore_dict": "plateBlueSteel"
    }
  },
  {
    "tool": {
		"item": "tfc:metal/helmet/red_steel"
    },
    "material": {
        "ore_dict": "plateRedSteel"
    }
  },
  {
    "tool": {
		"item": "tfc:metal/chestplate/red_steel"
    },
    "material": {
        "ore_dict": "plateRedSteel"
    }
  },
  {
    "tool": {
		"item": "tfc:metal/greaves/red_steel"
    },
    "material": {
        "ore_dict": "plateRedSteel"
    }
  },
  {
    "tool": {
		"item": "tfc:metal/boots/red_steel"
    },
    "material": {
        "ore_dict": "plateRedSteel"
    }
  },
  {
    "tool": {
		"item": "tfc:metal/helmet/mithril"
    },
    "material": {
        "ore_dict": "plateMithril"
    }
  },
  {
    "tool": {
		"item": "tfc:metal/chestplate/mithril"
    },
    "material": {
        "ore_dict": "plateMithril"
    }
  },
  {
    "tool": {
		"item": "tfc:metal/greaves/mithril"
    },
    "material": {
        "ore_dict": "plateMithril"
    }
  },
  {
    "tool": {
		"item": "tfc:metal/boots/mithril"
    },
    "material": {
        "ore_dict": "plateMithril"
    }
  },
  {
    "tool": {
		"item": "tfc:metal/helmet/invar"
    },
    "material": {
        "ore_dict": "plateInvar"
    }
  },
  {
    "tool": {
		"item": "tfc:metal/chestplate/invar"
    },
    "material": {
        "ore_dict": "plateInvar"
    }
  },
  {
    "tool": {
		"item": "tfc:metal/greaves/invar"
    },
    "material": {
        "ore_dict": "plateInvar"
    }
  },
  {
    "tool": {
		"item": "tfc:metal/boots/invar"
    },
    "material": {
        "ore_dict": "plateInvar"
    }
  },
  {
    "tool": {
		"item": "tfc:metal/helmet/aluminium"
    },
    "material": {
        "ore_dict": "plateAluminium"
    }
  },
  {
    "tool": {
		"item": "tfc:metal/chestplate/aluminium"
    },
    "material": {
        "ore_dict": "plateAluminium"
    }
  },
  {
    "tool": {
		"item": "tfc:metal/greaves/aluminium"
    },
    "material": {
        "ore_dict": "plateAluminium"
    }
  },
  {
    "tool": {
		"item": "tfc:metal/boots/aluminium"
    },
    "material": {
        "ore_dict": "plateAluminium"
    }
  },
  {
    "tool": {
		"item": "tfc:metal/helmet/cobalt"
    },
    "material": {
        "ore_dict": "plateCobalt"
    }
  },
  {
    "tool": {
		"item": "tfc:metal/chestplate/cobalt"
    },
    "material": {
        "ore_dict": "plateCobalt"
    }
  },
  {
    "tool": {
		"item": "tfc:metal/greaves/cobalt"
    },
    "material": {
        "ore_dict": "plateCobalt"
    }
  },
  {
    "tool": {
		"item": "tfc:metal/boots/cobalt"
    },
    "material": {
        "ore_dict": "plateCobalt"
    }
  },
  {
    "tool": {
		"item": "tfc:metal/helmet/manyullyn"
    },
    "material": {
        "ore_dict": "plateManyullyn"
    }
  },
  {
    "tool": {
		"item": "tfc:metal/chestplate/manyullyn"
    },
    "material": {
        "ore_dict": "plateManyullyn"
    }
  },
  {
    "tool": {
		"item": "tfc:metal/greaves/manyullyn"
    },
    "material": {
        "ore_dict": "plateManyullyn"
    }
  },
  {
    "tool": {
		"item": "tfc:metal/boots/manyullyn"
    },
    "material": {
        "ore_dict": "plateManyullyn"
    }
  },
  {
    "tool": {
		"item": "tfc:metal/helmet/osmium"
    },
    "material": {
        "ore_dict": "plateOsmium"
    }
  },
  {
    "tool": {
		"item": "tfc:metal/chestplate/osmium"
    },
    "material": {
        "ore_dict": "plateOsmium"
    }
  },
  {
    "tool": {
		"item": "tfc:metal/greaves/osmium"
    },
    "material": {
        "ore_dict": "plateOsmium"
    }
  },
  {
    "tool": {
		"item": "tfc:metal/boots/osmium"
    },
    "material": {
        "ore_dict": "plateOsmium"
    }
  },
  {
    "tool": {
		"item": "tfc:metal/helmet/titanium"
    },
    "material": {
        "ore_dict": "plateTitanium"
    }
  },
  {
    "tool": {
		"item": "tfc:metal/chestplate/titanium"
    },
    "material": {
        "ore_dict": "plateTitanium"
    }
  },
  {
    "tool": {
		"item": "tfc:metal/greaves/titanium"
    },
    "material": {
        "ore_dict": "plateTitanium"
    }
  },
  {
    "tool": {
		"item": "tfc:metal/boots/titanium"
    },
    "material": {
        "ore_dict": "plateTitanium"
    }
  },
  {
    "tool": {
		"item": "tfc:metal/helmet/tungsten"
    },
    "material": {
        "ore_dict": "plateTungsten"
    }
  },
  {
    "tool": {
		"item": "tfc:metal/chestplate/tungsten"
    },
    "material": {
        "ore_dict": "plateTungsten"
    }
  },
  {
    "tool": {
		"item": "tfc:metal/greaves/tungsten"
    },
    "material": {
        "ore_dict": "plateTungsten"
    }
  },
  {
    "tool": {
		"item": "tfc:metal/boots/tungsten"
    },
    "material": {
        "ore_dict": "plateTungsten"
    }
  },
  {
    "tool": {
		"item": "tfc:metal/helmet/tungsten_steel"
    },
    "material": {
        "ore_dict": "plateTungstenSteel"
    }
  },
  {
    "tool": {
		"item": "tfc:metal/chestplate/tungsten_steel"
    },
    "material": {
        "ore_dict": "plateTungstenSteel"
    }
  },
  {
    "tool": {
		"item": "tfc:metal/greaves/tungsten_steel"
    },
    "material": {
        "ore_dict": "plateTungstenSteel"
    }
  },
  {
    "tool": {
		"item": "tfc:metal/boots/tungsten_steel"
    },
    "material": {
        "ore_dict": "plateTungstenSteel"
    }
  },
  
  
  
  {
    "tool": {
		"item": "tfc:metal/shield/bismuth_bronze"
    },
    "material": {
        "ore_dict": "plateBismuthBronze"
    }
  },
  {
    "tool": {
		"item": "tfc:metal/shield/black_bronze"
    },
    "material": {
        "ore_dict": "plateBlackBronze"
    }
  },
  {
    "tool": {
		"item": "tfc:metal/shield/bronze"
    },
    "material": {
        "ore_dict": "plateBronze"
    }
  },
  {
    "tool": {
		"item": "tfc:metal/shield/copper"
    },
    "material": {
        "ore_dict": "plateCopper"
    }
  },
  {
    "tool": {
		"item": "tfc:metal/shield/wrought_iron"
    },
    "material": {
        "ore_dict": "plateWroughtIron"
    }
  },
  {
    "tool": {
		"item": "tfc:metal/shield/steel"
    },
    "material": {
        "ore_dict": "plateSteel"
    }
  },
  {
    "tool": {
		"item": "tfc:metal/shield/black_steel"
    },
    "material": {
        "ore_dict": "plateBlackSteel"
    }
  },
  {
    "tool": {
		"item": "tfc:metal/shield/blue_steel"
    },
    "material": {
        "ore_dict": "plateBlueSteel"
    }
  },
  {
    "tool": {
		"item": "tfc:metal/shield/red_steel"
    },
    "material": {
        "ore_dict": "plateRedSteel"
    }
  },
  {
    "tool": {
		"item": "tfc:metal/shield/mithril"
    },
    "material": {
        "ore_dict": "plateMithril"
    }
  },
  {
    "tool": {
		"item": "tfc:metal/shield/invar"
    },
    "material": {
        "ore_dict": "plateInvar"
    }
  },
  {
    "tool": {
		"item": "tfc:metal/shield/aluminium"
    },
    "material": {
        "ore_dict": "plateAluminium"
    }
  },
  {
    "tool": {
		"item": "tfc:metal/shield/cobalt"
    },
    "material": {
        "ore_dict": "plateCobalt"
    }
  },
  {
    "tool": {
		"item": "tfc:metal/shield/manyullyn"
    },
    "material": {
        "ore_dict": "plateManyullyn"
    }
  },
  {
    "tool": {
		"item": "tfc:metal/shield/osmium"
    },
    "material": {
        "ore_dict": "plateOsmium"
    }
  },
  {
    "tool": {
		"item": "tfc:metal/shield/titanium"
    },
    "material": {
        "ore_dict": "plateTitanium"
    }
  },
  {
    "tool": {
		"item": "tfc:metal/shield/tungsten"
    },
    "material": {
        "ore_dict": "plateTungsten"
    }
  },
  {
    "tool": {
		"item": "tfc:metal/shield/tungsten_steel"
    },
    "material": {
        "ore_dict": "plateTungstenSteel"
    }
  },
  {
    "tool": {
		"item": "tfc:stone/axe/igneous_intrusive"
    },
    "material": {
        "ore_dict": "rockIgneousIntrusive"
    }
  },
  {
    "tool": {
		"item": "tfc:stone/shovel/igneous_intrusive"
    },
    "material": {
        "ore_dict": "rockIgneousIntrusive"
    }
  },
  {
    "tool": {
		"item": "tfc:stone/hoe/igneous_intrusive"
    },
    "material": {
        "ore_dict": "rockIgneousIntrusive"
    }
  },
  {
    "tool": {
		"item": "tfc:stone/knife/igneous_intrusive"
    },
    "material": {
        "ore_dict": "rockIgneousIntrusive"
    }
  },
  {
    "tool": {
		"item": "tfc:stone/javelin/igneous_intrusive"
    },
    "material": {
        "ore_dict": "rockIgneousIntrusive"
    }
  },
  {
    "tool": {
		"item": "tfc:stone/hammer/igneous_intrusive"
    },
    "material": {
        "ore_dict": "rockIgneousIntrusive"
    }
  },
  {
    "tool": {
		"item": "tfc:stone/axe/igneous_extrusive"
    },
    "material": {
        "ore_dict": "rockIgneousExtrusive"
    }
  },
  {
    "tool": {
		"item": "tfc:stone/shovel/igneous_extrusive"
    },
    "material": {
        "ore_dict": "rockIgneousExtrusive"
    }
  },
  {
    "tool": {
		"item": "tfc:stone/hoe/igneous_extrusive"
    },
    "material": {
        "ore_dict": "rockIgneousExtrusive"
    }
  },
  {
    "tool": {
		"item": "tfc:stone/knife/igneous_extrusive"
    },
    "material": {
        "ore_dict": "rockIgneousExtrusive"
    }
  },
  {
    "tool": {
		"item": "tfc:stone/javelin/igneous_extrusive"
    },
    "material": {
        "ore_dict": "rockIgneousExtrusive"
    }
  },
  {
    "tool": {
		"item": "tfc:stone/hammer/igneous_extrusive"
    },
    "material": {
        "ore_dict": "rockIgneousExtrusive"
    }
  },
  {
    "tool": {
		"item": "tfc:stone/axe/sedimentary"
    },
    "material": {
        "ore_dict": "rockSedimentary"
    }
  },
  {
    "tool": {
		"item": "tfc:stone/shovel/sedimentary"
    },
    "material": {
        "ore_dict": "rockSedimentary"
    }
  },
  {
    "tool": {
		"item": "tfc:stone/hoe/sedimentary"
    },
    "material": {
        "ore_dict": "rockSedimentary"
    }
  },
  {
    "tool": {
		"item": "tfc:stone/knife/sedimentary"
    },
    "material": {
        "ore_dict": "rockSedimentary"
    }
  },
  {
    "tool": {
		"item": "tfc:stone/javelin/sedimentary"
    },
    "material": {
        "ore_dict": "rockSedimentary"
    }
  },
  {
    "tool": {
		"item": "tfc:stone/hammer/sedimentary"
    },
    "material": {
        "ore_dict": "rockSedimentary"
    }
  },
  {
    "tool": {
		"item": "tfc:stone/axe/metamorphic"
    },
    "material": {
        "ore_dict": "rockMetamorphic"
    }
  },
  {
    "tool": {
		"item": "tfc:stone/shovel/metamorphic"
    },
    "material": {
        "ore_dict": "rockMetamorphic"
    }
  },
  {
    "tool": {
		"item": "tfc:stone/hoe/metamorphic"
    },
    "material": {
        "ore_dict": "rockMetamorphic"
    }
  },
  {
    "tool": {
		"item": "tfc:stone/knife/metamorphic"
    },
    "material": {
        "ore_dict": "rockMetamorphic"
    }
  },
  {
    "tool": {
		"item": "tfc:stone/javelin/metamorphic"
    },
    "material": {
        "ore_dict": "rockMetamorphic"
    }
  },
  {
    "tool": {
		"item": "tfc:stone/hammer/metamorphic"
    },
    "material": {
        "ore_dict": "rockMetamorphic"
    }
  }
]