{
  "ore:flower": {
    "value": 0.1,
    "compostBlock": "tfc:dirt/granite"
  },
  "ore:peat": {
    "value": 0.3,
    "compostBlock": "tfc:dirt/granite",
    "color": "171311"
  },
  "minecraft:pumpkin:0": {
    "value": 0.16666667,
    "compostBlock": "tfc:dirt/granite",
    "color": "ffdb66"
  },
  "ore:treeSapling": {
    "value": 0.125,
    "compostBlock": "tfc:dirt/granite"
  },
  "minecraft:tallgrass:1": {
    "value": 0.08,
    "compostBlock": "tfc:dirt/granite",
    "color": "23630e"
  },
  "minecraft:pumpkin_pie:0": {
    "value": 0.16,
    "compostBlock": "tfc:dirt/granite",
    "color": "e39a6d"
  },
  "minecraft:lit_pumpkin:0": {
    "value": 0.16666667,
    "compostBlock": "tfc:dirt/granite",
    "color": "ffdb66"
  },
  "exnihilocreatio:item_material:2": {
    "value": 0.04,
    "compostBlock": "tfc:dirt/granite",
    "color": "ff9966"
  },
  "ore:treeLeaves": {
    "value": 0.125,
    "compostBlock": "tfc:dirt/granite"
  },
  "ore:fish": {
    "value": 0.15,
    "compostBlock": "tfc:dirt/granite"
  },
  "minecraft:wheat:0": {
    "value": 0.08,
    "compostBlock": "tfc:dirt/granite",
    "color": "e3e162"
  },
  "minecraft:red_mushroom:0": {
    "value": 0.1,
    "compostBlock": "tfc:dirt/granite",
    "color": "d6a8a5"
  },
  "minecraft:reeds:0": {
    "value": 0.08,
    "compostBlock": "tfc:dirt/granite",
    "color": "9bff8a"
  },
  "minecraft:brown_mushroom:0": {
    "value": 0.1,
    "compostBlock": "tfc:dirt/granite",
    "color": "cfbfb6"
  },
  "minecraft:spider_eye:0": {
    "value": 0.08,
    "compostBlock": "tfc:dirt/granite",
    "color": "963e44"
  },
  "minecraft:baked_potato:0": {
    "value": 0.08,
    "compostBlock": "tfc:dirt/granite",
    "color": "fff1b5"
  },
  "minecraft:beef:0": {
    "value": 0.2,
    "compostBlock": "tfc:dirt/granite",
    "color": "ff4242"
  },
  "minecraft:nether_wart:0": {
    "value": 0.1,
    "compostBlock": "tfc:dirt/granite",
    "color": "ff2b52"
  },
  "minecraft:wheat_seeds:0": {
    "value": 0.08,
    "compostBlock": "tfc:dirt/granite",
    "color": "35a82a"
  },
  "minecraft:melon_block:0": {
    "value": 0.16666667,
    "compostBlock": "tfc:dirt/granite",
    "color": "ff443b"
  },
  "minecraft:chicken:0": {
    "value": 0.2,
    "compostBlock": "tfc:dirt/granite",
    "color": "ffe8e8"
  },
  "ore:listAllGrain": {
    "value": 0.08,
    "compostBlock": "tfc:dirt/granite",
    "color": "e3e162"
  },
  "ore:listAllmeatraw": {
    "value": 0.15,
    "compostBlock": "tfc:dirt/granite",
    "color": "ffa091"
  },
  "minecraft:waterlily:0": {
    "value": 0.1,
    "compostBlock": "tfc:dirt/granite",
    "color": "269900"
  },
  "minecraft:potato:0": {
    "value": 0.08,
    "compostBlock": "tfc:dirt/granite",
    "color": "fff1b5"
  },
  "minecraft:vine:0": {
    "value": 0.1,
    "compostBlock": "tfc:dirt/granite",
    "color": "23630e"
  },
  "minecraft:egg:0": {
    "value": 0.08,
    "compostBlock": "tfc:dirt/granite",
    "color": "fffa66"
  },
  "ore:listAllveggie": {
    "value": 0.1,
    "compostBlock": "tfc:dirt/granite",
    "color": "fff1b5"
  },
  "minecraft:rotten_flesh:0": {
    "value": 0.1,
    "compostBlock": "tfc:dirt/granite",
    "color": "c45631"
  },
  "minecraft:cactus:0": {
    "value": 0.1,
    "compostBlock": "tfc:dirt/granite",
    "color": "deffb5"
  },
  "minecraft:carrot:0": {
    "value": 0.08,
    "compostBlock": "tfc:dirt/granite",
    "color": "ff9b0f"
  },
  "ore:listAllfruit": {
    "value": 0.1,
    "compostBlock": "tfc:dirt/granite",
    "color": "35a82a"
  },
  "ore:dustAsh": {
    "value": 0.125,
    "compostBlock": "tfc:dirt/granite",
    "color": "c0c0c0"
  },
  "exnihilocreatio:item_cooked_silkworm:0": {
    "value": 0.04,
    "compostBlock": "tfc:dirt/granite",
    "color": "cc6600"
  },
  "ore:listAllseed": {
    "value": 0.08,
    "compostBlock": "tfc:dirt/granite",
    "color": "35a82a"
  },
  "minecraft:apple:0": {
    "value": 0.1,
    "compostBlock": "tfc:dirt/granite",
    "color": "fff68f"
  },
  "minecraft:bread:0": {
    "value": 0.16,
    "compostBlock": "tfc:dirt/granite",
    "color": "d1af60"
  },
  "minecraft:porkchop:0": {
    "value": 0.2,
    "compostBlock": "tfc:dirt/granite",
    "color": "ffa091"
  },
  "minecraft:melon:0": {
    "value": 0.04,
    "compostBlock": "tfc:dirt/granite",
    "color": "ff443b"
  },
  "ore:listAllmeatcooked": {
    "value": 0.2,
    "compostBlock": "tfc:dirt/granite"
  },
  "minecraft:poisonous_potato:0": {
    "value": 0.08,
    "compostBlock": "tfc:dirt/granite",
    "color": "e0ff8a"
  },
  "minecraft:string:0": {
    "value": 0.04,
    "compostBlock": "tfc:dirt/granite",
    "color": "ffffff"
  }
}