{ 
    "populate":{ 
        "tfc_jute":{ 
            "distribution":"surface",
            "generator":{ 
                "type":"decoration",
                "block":[ 
                    { 
                        "name":"tfc:crop/jute",
                        "metadata":3
                    }
                ],
                "surface":[ 
                    "tfc:grass/andesite",
                    "tfc:grass/basalt",
                    "tfc:grass/chalk",
                    "tfc:grass/chert",
                    "tfc:grass/claystone",
                    "tfc:grass/conglomerate",
                    "tfc:grass/dacite",
                    "tfc:grass/diorite",
                    "tfc:grass/dolomite",
                    "tfc:grass/gabbro",
                    "tfc:grass/gneiss",
                    "tfc:grass/granite",
                    "tfc:grass/limestone",
                    "tfc:grass/marble",
                    "tfc:grass/phyllite",
                    "tfc:grass/quartzite",
                    "tfc:grass/rhyolite",
                    "tfc:grass/rocksalt",
                    "tfc:grass/schist",
                    "tfc:grass/shale",
                    "tfc:grass/slate",
                    "tfc:dry_grass/andesite",
                    "tfc:dry_grass/basalt",
                    "tfc:dry_grass/chalk",
                    "tfc:dry_grass/chert",
                    "tfc:dry_grass/claystone",
                    "tfc:dry_grass/conglomerate",
                    "tfc:dry_grass/dacite",
                    "tfc:dry_grass/diorite",
                    "tfc:dry_grass/dolomite",
                    "tfc:dry_grass/gabbro",
                    "tfc:dry_grass/gneiss",
                    "tfc:dry_grass/granite",
                    "tfc:dry_grass/limestone",
                    "tfc:dry_grass/marble",
                    "tfc:dry_grass/phyllite",
                    "tfc:dry_grass/quartzite",
                    "tfc:dry_grass/rhyolite",
                    "tfc:dry_grass/rocksalt",
                    "tfc:dry_grass/schist",
                    "tfc:dry_grass/shale",
                    "tfc:dry_grass/slate"
                ],
                "cluster-size":10,
                "see-sky":false,
                "check-stay":false
            },
            "chunk-chance": 128,
            "cluster-count":16,
            "min-height":50,
            "max-height":256,
            "material":[ 
                "minecraft:air",
                "tfc:grass/andesite",
                "tfc:grass/basalt",
                "tfc:grass/chalk",
                "tfc:grass/chert",
                "tfc:grass/claystone",
                "tfc:grass/conglomerate",
                "tfc:grass/dacite",
                "tfc:grass/diorite",
                "tfc:grass/dolomite",
                "tfc:grass/gabbro",
                "tfc:grass/gneiss",
                "tfc:grass/granite",
                "tfc:grass/limestone",
                "tfc:grass/marble",
                "tfc:grass/phyllite",
                "tfc:grass/quartzite",
                "tfc:grass/rhyolite",
                "tfc:grass/rocksalt",
                "tfc:grass/schist",
                "tfc:grass/shale",
                "tfc:grass/slate",
				"tfc:dry_grass/andesite",
				"tfc:dry_grass/basalt",
				"tfc:dry_grass/chalk",
				"tfc:dry_grass/chert",
				"tfc:dry_grass/claystone",
				"tfc:dry_grass/conglomerate",
				"tfc:dry_grass/dacite",
				"tfc:dry_grass/diorite",
				"tfc:dry_grass/dolomite",
				"tfc:dry_grass/gabbro",
				"tfc:dry_grass/gneiss",
				"tfc:dry_grass/granite",
				"tfc:dry_grass/limestone",
				"tfc:dry_grass/marble",
				"tfc:dry_grass/phyllite",
				"tfc:dry_grass/quartzite",
				"tfc:dry_grass/rhyolite",
				"tfc:dry_grass/rocksalt",
				"tfc:dry_grass/schist",
				"tfc:dry_grass/shale",
				"tfc:dry_grass/slate"
            ],
            "follow-terrain":true,
            "retrogen":false,
            "biome":"all",
            "dimension":{ 
                "restriction":"blacklist",
                "value":[ 
                    -1,
                    1
                ]
            }
        }
    }
}