{
  "stibnite": {
    "ore": "tfc:stibnite",
    "loose": "tfc:stibnite",
    "width": 20,
    "height": 30,
    "shape": "cluster",
    "rarity": 120,
    "minimum_height": 5,
    "maximum_height": 128,
    "density": 70,
    "base_rocks": [
      "tfc:igneous_extrusive"
    ]
  },
  "surface_stibnite": {
    "ore": "tfc:stibnite",
    "loose": "tfc:stibnite",
    "width": 12,
    "height": 20,
    "shape": "cluster",
    "rarity": 35,
    "minimum_height": 128,
    "maximum_height": 240,
    "density": 40,
    "base_rocks": [
      "tfc:igneous_extrusive"
    ]
  },
  "cobaltite": {
    "ore": "tfc:cobaltite",
    "loose": "tfc:cobaltite",
    "width": 16,
    "height": 30,
    "shape": "cluster",
    "rarity": 120,
    "minimum_height": 5,
    "maximum_height": 128,
    "density": 70,
    "base_rocks": [
      "tfc:metamorphic",
      "tfc:igneous_extrusive",
      "tfc:igneous_intrusive"
    ]
  },
  "wolframite": {
    "ore": "tfc:wolframite",
    "loose": "tfc:wolframite",
    "width": 16,
    "height": 30,
    "shape": "cluster",
    "rarity": 120,
    "minimum_height": 5,
    "maximum_height": 128,
    "density": 70,
    "base_rocks": [
      "tfc:metamorphic",
      "tfc:sedimentary"
    ]
  },
  "bauxite": {
    "ore": "tfc:bauxite",
    "loose": "tfc:bauxite",
    "width": 14,
    "height": 20,
    "shape": "cluster",
    "rarity": 70,
    "minimum_height": 110,
    "maximum_height": 144,
    "density": 70,
    "base_rocks": [
      "tfc:sedimentary"
    ]
  },
  "native_osmium": {
    "ore": "tfc:native_osmium",
    "loose": "tfc:native_osmium",
    "width": 5,
    "height": 10,
    "shape": "cluster",
    "rarity": 120,
    "minimum_height": 5,
    "maximum_height": 128,
    "density": 70,
    "base_rocks": [
      "tfc:metamorphic",
      "tfc:igneous_intrusive",
      "tfc:igneous_extrusive"
    ]
  },
  "native_ardite": {
    "ore": "tfc:native_ardite",
    "loose": "tfc:native_ardite",
    "width": 5,
    "height": 10,
    "shape": "cluster",
    "rarity": 120,
    "minimum_height": 5,
    "maximum_height": 128,
    "density": 70,
    "base_rocks": [
      "tfc:metamorphic",
      "tfc:igneous_intrusive",
      "tfc:igneous_extrusive"
    ]
  },
  "thorianite": {
    "ore": "tfc:thorianite",
    "width": 6,
    "height": 12,
    "shape": "cluster",
    "rarity": 140,
    "minimum_height": 5,
    "maximum_height": 128,
    "density": 70,
    "base_rocks": [
      "tfc:igneous_extrusive"
    ]
  },
  "chromite": {
    "ore": "tfc:chromite",
    "width": 6,
    "height": 12,
    "shape": "cluster",
    "rarity": 140,
    "minimum_height": 5,
    "maximum_height": 128,
    "density": 50,
    "base_rocks": [
      "tfc:igneous_intrusive"
    ]
  },
  "pyrolusite": {
    "ore": "tfc:pyrolusite",
    "width": 6,
    "height": 12,
    "shape": "cluster",
    "rarity": 100,
    "minimum_height": 110,
    "maximum_height": 144,
    "density": 60,
    "base_rocks": [
      "tfc:sedimentary"
    ]
  },
  "magnesite": {
    "ore": "tfc:magnesite",
    "width": 6,
    "height": 14,
    "shape": "cluster",
    "rarity": 80,
    "minimum_height": 110,
    "maximum_height": 144,
    "density": 70,
    "base_rocks": [
      "tfc:sedimentary"
    ]
  },
  "spodumene": {
    "ore": "tfc:magnesite",
    "width": 10,
    "height": 20,
    "shape": "cluster",
    "rarity": 100,
    "minimum_height": 5,
    "maximum_height": 128,
    "density": 70,
    "base_rocks": [
      "tfc:sedimentary",
      "tfc:metamorphic"
    ]
  },
  "boron": {
    "ore": "tfc:boron",
    "width": 8,
    "height": 14,
    "shape": "cluster",
    "rarity": 100,
    "minimum_height": 5,
    "maximum_height": 128,
    "density": 60,
    "base_rocks": [
      "tfc:metamorphic",
      "tfc:igneous_intrusive"
    ]
  }
}